customer_id,related_customer_id,relationship_type,risk_weight,is_active
CUST003914,CUST006239,co_borrower,0.75,true
CUST002317,CUST004071,co_borrower,0.733,true
CUST002553,CUST006277,co_borrower,0.833,true
CUST009744,CUST008017,co_borrower,0.75,true
CUST008187,CUST006128,co_borrower,0.906,true
CUST001534,CUST007561,co_borrower,0.865,true
CUST000848,CUST008663,co_borrower,0.869,true
CUST004620,CUST005184,co_borrower,0.801,true
CUST005484,CUST000125,co_borrower,0.806,true
CUST009684,CUST008755,co_borrower,0.72,true
CUST006015,CUST007581,co_borrower,0.944,true
CUST001336,CUST003537,co_borrower,0.938,true
CUST007705,CUST007238,co_borrower,0.849,true
CUST009799,CUST008245,co_borrower,0.865,true
CUST001142,CUST000382,co_borrower,0.743,false
CUST000832,CUST006971,co_borrower,0.858,true
CUST003114,CUST000093,co_borrower,0.795,true
CUST005125,CUST006641,co_borrower,0.75,true
CUST006442,CUST003465,co_borrower,0.811,false
CUST008531,CUST002071,co_borrower,0.788,false
CUST009569,CUST000915,co_borrower,0.733,true
CUST006044,CUST006690,co_borrower,0.731,true
CUST001475,CUST004850,co_borrower,0.744,true
CUST004016,CUST002385,co_borrower,0.931,true
CUST007973,CUST008178,co_borrower,0.899,true
CUST001217,CUST005927,co_borrower,0.746,true
CUST004939,CUST004714,co_borrower,0.703,true
CUST003329,CUST003545,co_borrower,0.794,true
CUST008516,CUST006544,co_borrower,0.796,true
CUST005214,CUST001519,co_borrower,0.745,true
CUST009580,CUST006112,co_borrower,0.88,false
CUST007973,CUST007275,co_borrower,0.758,true
CUST006576,CUST005090,co_borrower,0.726,true
CUST002206,CUST004092,co_borrower,0.796,false
CUST007754,CUST001313,co_borrower,0.921,false
CUST009978,CUST004198,co_borrower,0.717,true
CUST009460,CUST005253,co_borrower,0.897,true
CUST009645,CUST004208,co_borrower,0.808,true
CUST004004,CUST002612,co_borrower,0.771,false
CUST001945,CUST006224,co_borrower,0.784,true
CUST003399,CUST000071,co_borrower,0.867,true
CUST009990,CUST003167,co_borrower,0.923,true
CUST008160,CUST004276,co_borrower,0.864,true
CUST003988,CUST005662,co_borrower,0.864,true
CUST001166,CUST008220,co_borrower,0.833,true
CUST005119,CUST005088,co_borrower,0.937,true
CUST005027,CUST007277,co_borrower,0.933,true
CUST007709,CUST006830,co_borrower,0.817,true
CUST002006,CUST000338,co_borrower,0.95,true
CUST000785,CUST009512,co_borrower,0.708,true
CUST004089,CUST004911,co_borrower,0.792,true
CUST001929,CUST001641,co_borrower,0.948,false
CUST003838,CUST002823,co_borrower,0.766,true
CUST001333,CUST002141,co_borrower,0.925,false
CUST004107,CUST009206,co_borrower,0.939,true
CUST003513,CUST004099,co_borrower,0.752,false
CUST005653,CUST006270,co_borrower,0.746,false
CUST005658,CUST007805,co_borrower,0.866,true
CUST005190,CUST003926,co_borrower,0.949,true
CUST001198,CUST005403,co_borrower,0.899,true
CUST003311,CUST000065,co_borrower,0.842,true
CUST006332,CUST000197,co_borrower,0.846,false
CUST002650,CUST002720,co_borrower,0.734,true
CUST003802,CUST000593,co_borrower,0.712,true
CUST005460,CUST004787,co_borrower,0.74,false
CUST000601,CUST006844,co_borrower,0.757,true
CUST001215,CUST007941,co_borrower,0.743,true
CUST006661,CUST005983,co_borrower,0.718,true
CUST008005,CUST009159,co_borrower,0.743,true
CUST006564,CUST008765,co_borrower,0.72,true
CUST007454,CUST002060,co_borrower,0.906,true
CUST005318,CUST001418,co_borrower,0.708,false
CUST001649,CUST005799,co_borrower,0.918,true
CUST006108,CUST009966,co_borrower,0.89,true
CUST003352,CUST000866,co_borrower,0.923,false
CUST001886,CUST005038,co_borrower,0.745,true
CUST001496,CUST008136,co_borrower,0.861,true
CUST002331,CUST006175,co_borrower,0.929,true
CUST008096,CUST003857,co_borrower,0.842,true
CUST009133,CUST002645,co_borrower,0.919,true
CUST007990,CUST007274,co_borrower,0.793,true
CUST005823,CUST000748,co_borrower,0.846,true
CUST002978,CUST002603,co_borrower,0.733,true
CUST009174,CUST004680,co_borrower,0.902,true
CUST002913,CUST002026,co_borrower,0.823,true
CUST000394,CUST005796,co_borrower,0.741,true
CUST008833,CUST005482,co_borrower,0.866,true
CUST003663,CUST004435,co_borrower,0.853,true
CUST007086,CUST000304,co_borrower,0.891,true
CUST007610,CUST006547,co_borrower,0.805,true
CUST001730,CUST008588,co_borrower,0.802,true
CUST002107,CUST003962,co_borrower,0.862,true
CUST008785,CUST009293,co_borrower,0.723,true
CUST005582,CUST000471,co_borrower,0.909,true
CUST009385,CUST002945,co_borrower,0.857,true
CUST009169,CUST004172,co_borrower,0.746,false
CUST001519,CUST000053,co_borrower,0.933,true
CUST004949,CUST006486,co_borrower,0.934,false
CUST000761,CUST002714,co_borrower,0.847,true
CUST004259,CUST002165,co_borrower,0.82,true
CUST003614,CUST008225,co_borrower,0.74,false
CUST002070,CUST001646,co_borrower,0.809,true
CUST009452,CUST002844,co_borrower,0.734,true
CUST001697,CUST004203,co_borrower,0.742,true
CUST002358,CUST003941,co_borrower,0.831,false
CUST003786,CUST008592,co_borrower,0.84,true
CUST002551,CUST005310,co_borrower,0.892,true
CUST004880,CUST003099,co_borrower,0.724,true
CUST009791,CUST000627,co_borrower,0.809,true
CUST001908,CUST000819,co_borrower,0.866,true
CUST002719,CUST004177,co_borrower,0.703,true
CUST001953,CUST005973,co_borrower,0.729,true
CUST003765,CUST002332,co_borrower,0.874,true
CUST001976,CUST007413,co_borrower,0.714,true
CUST003459,CUST003795,co_borrower,0.735,true
CUST008658,CUST006220,co_borrower,0.705,true
CUST009245,CUST006149,co_borrower,0.761,true
CUST008070,CUST001214,co_borrower,0.705,true
CUST002103,CUST003640,co_borrower,0.786,true
CUST007857,CUST001155,co_borrower,0.861,false
CUST001178,CUST007141,co_borrower,0.72,true
CUST004888,CUST006943,co_borrower,0.84,false
CUST007932,CUST009163,co_borrower,0.926,true
CUST003239,CUST005651,co_borrower,0.902,true
CUST005188,CUST003990,co_borrower,0.716,true
CUST002211,CUST004376,co_borrower,0.782,true
CUST002727,CUST005027,co_borrower,0.855,true
CUST002109,CUST007247,co_borrower,0.866,true
CUST005957,CUST004292,co_borrower,0.719,false
CUST001275,CUST000291,co_borrower,0.771,false
CUST004167,CUST005258,co_borrower,0.827,true
CUST006003,CUST008759,co_borrower,0.931,true
CUST009510,CUST004695,co_borrower,0.8,true
CUST000692,CUST009684,co_borrower,0.931,false
CUST007674,CUST008030,co_borrower,0.785,true
CUST007115,CUST000326,co_borrower,0.712,true
CUST006335,CUST002126,co_borrower,0.916,true
CUST004147,CUST009607,co_borrower,0.845,true
CUST001273,CUST005250,co_borrower,0.755,true
CUST000129,CUST007041,co_borrower,0.908,true
CUST001827,CUST002210,co_borrower,0.905,true
CUST001760,CUST006806,co_borrower,0.726,true
CUST007754,CUST006859,co_borrower,0.797,true
CUST000795,CUST004407,co_borrower,0.937,true
CUST002545,CUST002594,co_borrower,0.888,true
CUST000358,CUST009911,co_borrower,0.907,true
CUST004677,CUST006409,co_borrower,0.732,true
CUST005925,CUST007936,co_borrower,0.754,true
CUST008555,CUST007339,co_borrower,0.763,true
CUST006340,CUST003021,co_borrower,0.815,true
CUST001912,CUST005393,co_borrower,0.828,true
CUST006095,CUST005818,co_borrower,0.85,true
CUST002295,CUST009106,co_borrower,0.809,true
CUST005658,CUST000006,co_borrower,0.784,false
CUST005725,CUST001350,co_borrower,0.703,true
CUST004158,CUST007503,co_borrower,0.727,true
CUST001947,CUST001444,co_borrower,0.894,true
CUST001922,CUST001877,co_borrower,0.737,true
CUST007267,CUST005088,co_borrower,0.743,true
CUST000931,CUST001828,co_borrower,0.781,true
CUST002966,CUST006628,co_borrower,0.784,true
CUST004348,CUST004098,co_borrower,0.82,true
CUST002203,CUST005704,co_borrower,0.733,true
CUST007100,CUST009066,co_borrower,0.936,true
CUST008881,CUST003420,co_borrower,0.903,false
CUST007360,CUST007803,co_borrower,0.94,true
CUST005476,CUST002895,co_borrower,0.882,true
CUST000213,CUST000269,co_borrower,0.851,true
CUST001540,CUST002103,co_borrower,0.809,true
CUST005205,CUST005236,co_borrower,0.939,true
CUST008648,CUST005947,co_borrower,0.743,true
CUST007083,CUST001647,co_borrower,0.882,true
CUST000334,CUST005623,co_borrower,0.806,true
CUST000394,CUST002877,co_borrower,0.857,false
CUST003768,CUST007025,co_borrower,0.917,false
CUST003636,CUST009702,co_borrower,0.86,false
CUST002628,CUST001722,co_borrower,0.93,true
CUST001390,CUST001035,co_borrower,0.765,true
CUST009538,CUST000074,co_borrower,0.792,true
CUST005875,CUST003882,co_borrower,0.848,true
CUST009684,CUST004525,co_borrower,0.802,true
CUST001394,CUST002125,co_borrower,0.772,true
CUST005349,CUST008321,co_borrower,0.834,true
CUST002492,CUST006739,co_borrower,0.831,true
CUST002681,CUST004970,co_borrower,0.809,false
CUST000978,CUST005663,co_borrower,0.707,false
CUST002301,CUST007834,co_borrower,0.863,false
CUST009163,CUST004941,co_borrower,0.76,true
CUST001313,CUST007434,co_borrower,0.903,true
CUST009580,CUST005818,co_borrower,0.84,true
CUST009992,CUST005821,co_borrower,0.894,true
CUST000669,CUST000247,co_borrower,0.907,true
CUST004423,CUST003319,co_borrower,0.861,false
CUST004885,CUST000052,co_borrower,0.754,true
CUST006026,CUST003608,co_borrower,0.739,false
CUST001834,CUST002058,co_borrower,0.943,false
CUST002905,CUST009975,co_borrower,0.705,true
CUST003002,CUST000927,co_borrower,0.856,true
CUST005630,CUST006447,co_borrower,0.912,false
CUST007886,CUST002232,co_borrower,0.771,true
CUST007140,CUST002452,co_borrower,0.873,true
CUST008131,CUST005402,co_borrower,0.844,true
CUST005234,CUST003292,co_borrower,0.867,true
CUST001772,CUST008396,co_borrower,0.764,true
CUST003758,CUST006758,co_borrower,0.88,true
CUST009927,CUST009929,co_borrower,0.776,true
CUST005475,CUST002817,co_borrower,0.893,true
CUST007218,CUST004098,co_borrower,0.758,true
CUST001582,CUST008661,co_borrower,0.915,true
CUST002614,CUST005274,co_borrower,0.798,false
CUST001595,CUST004345,co_borrower,0.794,true
CUST000052,CUST002552,co_borrower,0.837,false
CUST002786,CUST007887,co_borrower,0.857,true
CUST003245,CUST009287,co_borrower,0.735,true
CUST004949,CUST006537,co_borrower,0.839,true
CUST008251,CUST007653,co_borrower,0.753,true
CUST008191,CUST006501,co_borrower,0.946,false
CUST005192,CUST005182,co_borrower,0.782,true
CUST007228,CUST001055,co_borrower,0.722,true
CUST008214,CUST006336,co_borrower,0.739,true
CUST007299,CUST006678,co_borrower,0.94,true
CUST003358,CUST001323,co_borrower,0.746,true
CUST000878,CUST007713,co_borrower,0.795,true
CUST004285,CUST005559,co_borrower,0.826,true
CUST006564,CUST009113,co_borrower,0.948,false
CUST005900,CUST007120,co_borrower,0.78,true
CUST006224,CUST002350,co_borrower,0.82,true
CUST007059,CUST002226,co_borrower,0.939,false
CUST004571,CUST003003,co_borrower,0.814,false
CUST005907,CUST009762,co_borrower,0.775,false
CUST006107,CUST007602,co_borrower,0.895,false
CUST000348,CUST007447,co_borrower,0.748,true
CUST004846,CUST000191,co_borrower,0.795,true
CUST008555,CUST000981,co_borrower,0.882,true
CUST009150,CUST001995,co_borrower,0.933,false
CUST009868,CUST008864,co_borrower,0.933,true
CUST001171,CUST002070,co_borrower,0.847,true
CUST001387,CUST003616,co_borrower,0.893,true
CUST000207,CUST005668,co_borrower,0.876,true
CUST009927,CUST000712,co_borrower,0.892,true
CUST001924,CUST003600,co_borrower,0.935,true
CUST002113,CUST008472,co_borrower,0.888,true
CUST004552,CUST004332,co_borrower,0.819,true
CUST003407,CUST005533,co_borrower,0.761,true
CUST006489,CUST007404,co_borrower,0.726,true
CUST008513,CUST003498,co_borrower,0.9,false
CUST009497,CUST004627,co_borrower,0.893,true
CUST003352,CUST003051,co_borrower,0.877,false
CUST003301,CUST004942,co_borrower,0.897,false
CUST006526,CUST008099,co_borrower,0.704,true
CUST002605,CUST008781,co_borrower,0.851,true
CUST001124,CUST000463,co_borrower,0.938,true
CUST007050,CUST000058,co_borrower,0.744,true
CUST003564,CUST009660,co_borrower,0.785,true
CUST009936,CUST005242,co_borrower,0.929,true
CUST003766,CUST002742,co_borrower,0.851,true
CUST006751,CUST005059,co_borrower,0.909,true
CUST000928,CUST007894,co_borrower,0.718,true
CUST006944,CUST003313,co_borrower,0.728,false
CUST009004,CUST005257,co_borrower,0.944,true
CUST000561,CUST002175,co_borrower,0.838,false
CUST001659,CUST000119,co_borrower,0.918,true
CUST001915,CUST006178,co_borrower,0.767,true
CUST001674,CUST009491,co_borrower,0.896,true
CUST006649,CUST001013,co_borrower,0.739,true
CUST003454,CUST007690,co_borrower,0.736,true
CUST002898,CUST005799,co_borrower,0.845,true
CUST003152,CUST003918,co_borrower,0.716,true
CUST004220,CUST001852,co_borrower,0.906,true
CUST008359,CUST009173,co_borrower,0.744,true
CUST003158,CUST008023,co_borrower,0.796,true
CUST006110,CUST003813,co_borrower,0.754,false
CUST008428,CUST008350,co_borrower,0.813,false
CUST009975,CUST003221,co_borrower,0.812,true
CUST009233,CUST004611,co_borrower,0.83,true
CUST009125,CUST005571,co_borrower,0.943,true
CUST001035,CUST009072,co_borrower,0.876,true
CUST001734,CUST000513,co_borrower,0.947,true
CUST009002,CUST007166,co_borrower,0.704,true
CUST001674,CUST000258,co_borrower,0.762,true
CUST000762,CUST001129,co_borrower,0.72,true
CUST008271,CUST006086,co_borrower,0.895,true
CUST004356,CUST006315,co_borrower,0.85,false
CUST001798,CUST007687,co_borrower,0.749,false
CUST003197,CUST001249,co_borrower,0.789,true
CUST006691,CUST005035,co_borrower,0.85,true
CUST006809,CUST003286,co_borrower,0.711,true
CUST007709,CUST003857,co_borrower,0.853,true
CUST002724,CUST009071,co_borrower,0.804,true
CUST001296,CUST000553,co_borrower,0.741,true
CUST008186,CUST002994,co_borrower,0.75,true
CUST006245,CUST006982,co_borrower,0.911,true
CUST000821,CUST003968,co_borrower,0.752,true
CUST006904,CUST007221,co_borrower,0.87,false
CUST006181,CUST004439,co_borrower,0.886,true
CUST005085,CUST007231,co_borrower,0.732,false
CUST005249,CUST005641,co_borrower,0.933,false
CUST007736,CUST004016,co_borrower,0.898,true
CUST009157,CUST002215,co_borrower,0.717,true
CUST001689,CUST009868,co_borrower,0.759,true
CUST005136,CUST009594,co_borrower,0.805,true
CUST008280,CUST000269,co_borrower,0.771,true
CUST006807,CUST005919,co_borrower,0.92,true
CUST000744,CUST009836,co_borrower,0.749,true
CUST003532,CUST002174,co_borrower,0.937,false
CUST003423,CUST009319,co_borrower,0.913,true
CUST003382,CUST006105,co_borrower,0.868,true
CUST006770,CUST004558,co_borrower,0.77,true
CUST007520,CUST007905,co_borrower,0.875,true
CUST004710,CUST004559,co_borrower,0.862,false
CUST009799,CUST002835,co_borrower,0.754,true
CUST007750,CUST000479,co_borrower,0.83,true
CUST000171,CUST005973,co_borrower,0.704,false
CUST007770,CUST002089,co_borrower,0.855,true
CUST005506,CUST001477,co_borrower,0.735,true
CUST005248,CUST006096,co_borrower,0.749,true
CUST008207,CUST008386,co_borrower,0.726,true
CUST006018,CUST007109,co_borrower,0.776,false
CUST008013,CUST009572,co_borrower,0.919,false
CUST000026,CUST001374,co_borrower,0.814,true
CUST002475,CUST005649,co_borrower,0.781,true
CUST006465,CUST001956,co_borrower,0.898,true
CUST007249,CUST004661,co_borrower,0.924,true
CUST008271,CUST003749,co_borrower,0.842,true
CUST003102,CUST003579,co_borrower,0.796,false
CUST008707,CUST004184,co_borrower,0.929,true
CUST001751,CUST003382,co_borrower,0.847,true
CUST003710,CUST003017,co_borrower,0.833,true
CUST002081,CUST009324,co_borrower,0.807,true
CUST008383,CUST001743,co_borrower,0.721,true
CUST008555,CUST005431,co_borrower,0.896,true
CUST002345,CUST008268,co_borrower,0.932,true
CUST003842,CUST004047,co_borrower,0.828,false
CUST001994,CUST009177,co_borrower,0.898,true
CUST005803,CUST007074,co_borrower,0.924,true
CUST007531,CUST002799,co_borrower,0.812,true
CUST001465,CUST006686,co_borrower,0.816,true
CUST009177,CUST006124,co_borrower,0.874,true
CUST000785,CUST008436,co_borrower,0.712,false
CUST005094,CUST008751,co_borrower,0.705,false
CUST005190,CUST000936,co_borrower,0.869,true
CUST004329,CUST009672,co_borrower,0.916,false
CUST004750,CUST000303,co_borrower,0.747,true
CUST002521,CUST008730,co_borrower,0.862,true
CUST001452,CUST003676,co_borrower,0.778,true
CUST007122,CUST001042,co_borrower,0.846,false
CUST000324,CUST003243,co_borrower,0.803,false
CUST009452,CUST002198,co_borrower,0.703,true
CUST005248,CUST005260,co_borrower,0.749,true
CUST001277,CUST004040,co_borrower,0.818,false
CUST003614,CUST006402,co_borrower,0.931,true
CUST009680,CUST000458,co_borrower,0.718,true
CUST005122,CUST005202,co_borrower,0.825,true
CUST004564,CUST000593,co_borrower,0.913,true
CUST004657,CUST003050,co_borrower,0.739,true
CUST009559,CUST006171,co_borrower,0.782,true
CUST006809,CUST004412,co_borrower,0.843,false
CUST000353,CUST003305,co_borrower,0.849,true
CUST004916,CUST008685,co_borrower,0.738,true
CUST007330,CUST007786,co_borrower,0.783,false
CUST004935,CUST001802,co_borrower,0.813,true
CUST000607,CUST008657,co_borrower,0.739,true
CUST008424,CUST003701,co_borrower,0.764,true
CUST006427,CUST002341,co_borrower,0.705,true
CUST003408,CUST007688,co_borrower,0.902,false
CUST004346,CUST009281,co_borrower,0.915,true
CUST001005,CUST008458,co_borrower,0.825,true
CUST006839,CUST006063,co_borrower,0.757,true
CUST003174,CUST000181,co_borrower,0.7,true
CUST004223,CUST008403,co_borrower,0.702,false
CUST008085,CUST006213,co_borrower,0.88,true
CUST009054,CUST003757,co_borrower,0.892,true
CUST003396,CUST009466,co_borrower,0.878,true
CUST007870,CUST001773,co_borrower,0.902,true
CUST003882,CUST000601,co_borrower,0.782,true
CUST009220,CUST004222,co_borrower,0.737,true
CUST002485,CUST000884,co_borrower,0.772,true
CUST006107,CUST007161,co_borrower,0.83,true
CUST004974,CUST001611,co_borrower,0.926,false
CUST002261,CUST002540,co_borrower,0.886,true
CUST007010,CUST001677,co_borrower,0.781,true
CUST009191,CUST007044,co_borrower,0.718,false
CUST007076,CUST003064,co_borrower,0.786,true
CUST009252,CUST007948,co_borrower,0.916,true
CUST005946,CUST000235,co_borrower,0.74,true
CUST000683,CUST003748,co_borrower,0.786,false
CUST005153,CUST003555,co_borrower,0.922,false
CUST007227,CUST007302,co_borrower,0.744,false
CUST005997,CUST005519,co_borrower,0.777,false
CUST009044,CUST002011,co_borrower,0.7,true
CUST003348,CUST006456,co_borrower,0.763,true
CUST002976,CUST004987,co_borrower,0.881,true
CUST005726,CUST000846,co_borrower,0.718,true
CUST005695,CUST003198,co_borrower,0.745,false
CUST009883,CUST002819,co_borrower,0.752,true
CUST007469,CUST000053,co_borrower,0.781,false
CUST004388,CUST004240,co_borrower,0.878,true
CUST005234,CUST003665,co_borrower,0.895,true
CUST007662,CUST009507,co_borrower,0.768,true
CUST009234,CUST001754,co_borrower,0.784,true
CUST000014,CUST001345,co_borrower,0.719,true
CUST009513,CUST006525,co_borrower,0.746,true
CUST008510,CUST009755,co_borrower,0.879,true
CUST003424,CUST007235,co_borrower,0.922,false
CUST001307,CUST004193,co_borrower,0.801,false
CUST003092,CUST006275,co_borrower,0.814,true
CUST003423,CUST008040,co_borrower,0.913,true
CUST007516,CUST007977,co_borrower,0.875,true
CUST003636,CUST003535,co_borrower,0.845,false
CUST009045,CUST004332,co_borrower,0.81,true
CUST002978,CUST004996,co_borrower,0.79,true
CUST001730,CUST004716,co_borrower,0.724,true
CUST002944,CUST007015,co_borrower,0.868,true
CUST007913,CUST007352,co_borrower,0.917,true
CUST003882,CUST002886,co_borrower,0.798,false
CUST005877,CUST007549,co_borrower,0.758,true
CUST005518,CUST008089,co_borrower,0.846,true
CUST000355,CUST001755,co_borrower,0.715,false
CUST005119,CUST003795,co_borrower,0.848,true
CUST007006,CUST004246,co_borrower,0.876,true
CUST005734,CUST006447,co_borrower,0.73,true
CUST004542,CUST002825,co_borrower,0.921,true
CUST005434,CUST003150,co_borrower,0.864,true
CUST001490,CUST009083,co_borrower,0.833,true
CUST007300,CUST005650,co_borrower,0.738,true
CUST008542,CUST000423,co_borrower,0.792,true
CUST001198,CUST001062,co_borrower,0.749,true
CUST006359,CUST004814,co_borrower,0.801,true
CUST003225,CUST004734,co_borrower,0.796,true
CUST005658,CUST006609,co_borrower,0.861,true
CUST006135,CUST000027,co_borrower,0.825,true
CUST008610,CUST005812,co_borrower,0.735,false
CUST004587,CUST005707,co_borrower,0.716,true
CUST004755,CUST007745,co_borrower,0.796,false
CUST006053,CUST007153,co_borrower,0.747,false
CUST002648,CUST001931,co_borrower,0.915,true
CUST004859,CUST004827,co_borrower,0.742,false
CUST005253,CUST006339,co_borrower,0.729,true
CUST000419,CUST000003,co_borrower,0.946,true
CUST000522,CUST006969,co_borrower,0.794,true
CUST005892,CUST005360,co_borrower,0.865,true
CUST005253,CUST002381,co_borrower,0.81,true
CUST004198,CUST007411,co_borrower,0.753,true
CUST006803,CUST000985,co_borrower,0.897,true
CUST009146,CUST004266,co_borrower,0.71,true
CUST000492,CUST006462,co_borrower,0.744,false
CUST005662,CUST001076,co_borrower,0.781,true
CUST006451,CUST005832,co_borrower,0.865,true
CUST009095,CUST009623,co_borrower,0.73,true
CUST007285,CUST000277,co_borrower,0.715,true
CUST003503,CUST009917,co_borrower,0.873,true
CUST004373,CUST007779,co_borrower,0.847,true
CUST004478,CUST001592,co_borrower,0.728,false
CUST002723,CUST002758,co_borrower,0.886,false
CUST003770,CUST003108,co_borrower,0.946,true
CUST008867,CUST005343,co_borrower,0.707,true
CUST002521,CUST009343,co_borrower,0.874,true
CUST000601,CUST009937,co_borrower,0.932,true
CUST008785,CUST008683,co_borrower,0.855,true
CUST009618,CUST000666,co_borrower,0.738,true
CUST002881,CUST002841,co_borrower,0.891,true
CUST001039,CUST002221,co_borrower,0.873,false
CUST007249,CUST004484,co_borrower,0.937,true
CUST009559,CUST004581,co_borrower,0.821,true
CUST001333,CUST009155,co_borrower,0.739,true
CUST007249,CUST005316,co_borrower,0.707,true
CUST005233,CUST006172,co_borrower,0.799,true
CUST001187,CUST002189,co_borrower,0.773,false
CUST005078,CUST009375,co_borrower,0.872,true
CUST003429,CUST006583,co_borrower,0.91,true
CUST002913,CUST003734,co_borrower,0.886,true
CUST005941,CUST006449,co_borrower,0.851,false
CUST009588,CUST008318,co_borrower,0.927,false
CUST000194,CUST008270,co_borrower,0.9,true
CUST002070,CUST000669,co_borrower,0.729,true
CUST000355,CUST008315,co_borrower,0.78,true
CUST009461,CUST003381,co_borrower,0.763,true
CUST004478,CUST003544,co_borrower,0.714,true
CUST004198,CUST001545,co_borrower,0.937,true
CUST004789,CUST005676,co_borrower,0.761,false
CUST003558,CUST008219,co_borrower,0.804,true
CUST007036,CUST002473,co_borrower,0.927,true
CUST008179,CUST000371,co_borrower,0.872,false
CUST006845,CUST004191,co_borrower,0.724,true
CUST006755,CUST004299,co_borrower,0.932,true
CUST005374,CUST003914,co_borrower,0.799,true
CUST004514,CUST003275,co_borrower,0.833,true
CUST001146,CUST003750,co_borrower,0.878,false
CUST009766,CUST001152,co_borrower,0.911,true
CUST005566,CUST006095,co_borrower,0.789,true
CUST000918,CUST002810,co_borrower,0.782,true
CUST007690,CUST007324,co_borrower,0.812,true
CUST007497,CUST006818,co_borrower,0.914,false
CUST004110,CUST006275,co_borrower,0.728,true
CUST001370,CUST001207,co_borrower,0.716,true
CUST003220,CUST005220,co_borrower,0.853,true
CUST009013,CUST000994,co_borrower,0.786,true
CUST005075,CUST003973,co_borrower,0.76,true
CUST002719,CUST007872,co_borrower,0.85,false
CUST001618,CUST006933,co_borrower,0.863,false
CUST009014,CUST009355,co_borrower,0.748,true
CUST007888,CUST001210,co_borrower,0.713,true
CUST002113,CUST007275,co_borrower,0.9,true
CUST000166,CUST006315,co_borrower,0.907,true
CUST003008,CUST006127,co_borrower,0.877,false
CUST004518,CUST003438,co_borrower,0.766,true
CUST000149,CUST003047,co_borrower,0.901,true
CUST006182,CUST006554,co_borrower,0.798,true
CUST004053,CUST007892,co_borrower,0.716,false
CUST007016,CUST007170,co_borrower,0.908,true
CUST003558,CUST007691,co_borrower,0.747,true
CUST001519,CUST000551,co_borrower,0.93,true
CUST008681,CUST003921,co_borrower,0.801,true
CUST000749,CUST005762,co_borrower,0.766,true
CUST008710,CUST004301,co_borrower,0.924,true
CUST006231,CUST004272,co_borrower,0.814,false
CUST005726,CUST004908,co_borrower,0.753,true
CUST009104,CUST002149,co_borrower,0.875,true
CUST008926,CUST005677,co_borrower,0.823,true
CUST002544,CUST000883,co_borrower,0.82,true
CUST005820,CUST004606,co_borrower,0.861,true
CUST000524,CUST001584,co_borrower,0.92,true
CUST008541,CUST009117,co_borrower,0.948,true
CUST002944,CUST002823,co_borrower,0.896,true
CUST002662,CUST007383,co_borrower,0.907,true
CUST001947,CUST008224,co_borrower,0.895,true
CUST000854,CUST005912,co_borrower,0.907,true
CUST006797,CUST004001,co_borrower,0.723,true
CUST005223,CUST001895,co_borrower,0.786,false
CUST000260,CUST007863,co_borrower,0.721,true
CUST008519,CUST000807,co_borrower,0.816,false
CUST002388,CUST003619,co_borrower,0.91,true
CUST001553,CUST008944,co_borrower,0.922,true
CUST005100,CUST003695,co_borrower,0.947,false
CUST008949,CUST007723,co_borrower,0.827,true
CUST006514,CUST001975,co_borrower,0.842,true
CUST005484,CUST003355,co_borrower,0.923,true
CUST003399,CUST006802,co_borrower,0.808,true
CUST001166,CUST000062,co_borrower,0.829,true
CUST000956,CUST005481,co_borrower,0.906,true
CUST007497,CUST008575,co_borrower,0.794,true
CUST007785,CUST004914,co_borrower,0.864,true
CUST001570,CUST003630,co_borrower,0.713,true
CUST005872,CUST005648,co_borrower,0.759,true
CUST006486,CUST003196,co_borrower,0.799,false
CUST002905,CUST008274,co_borrower,0.902,true
CUST004877,CUST004242,co_borrower,0.804,false
CUST005336,CUST005566,co_borrower,0.869,true
CUST005875,CUST003500,co_borrower,0.92,true
CUST002591,CUST009995,co_borrower,0.885,true
CUST004846,CUST004462,co_borrower,0.801,false
CUST000076,CUST002071,co_borrower,0.817,false
CUST005429,CUST003818,co_borrower,0.871,true
CUST003581,CUST006635,co_borrower,0.921,true
CUST009026,CUST005851,co_borrower,0.937,true
CUST009146,CUST002381,co_borrower,0.939,false
CUST005343,CUST007659,co_borrower,0.856,true
CUST004423,CUST001919,co_borrower,0.901,false
CUST002951,CUST001758,co_borrower,0.851,false
CUST005938,CUST006655,co_borrower,0.862,false
CUST005138,CUST009407,co_borrower,0.857,false
CUST001243,CUST009263,co_borrower,0.744,true
CUST005873,CUST009065,co_borrower,0.889,true
CUST009588,CUST004160,co_borrower,0.933,true
CUST000239,CUST003462,co_borrower,0.879,false
CUST002491,CUST009471,co_borrower,0.917,true
CUST003180,CUST007259,co_borrower,0.939,true
CUST006081,CUST002041,co_borrower,0.718,false
CUST003158,CUST004701,co_borrower,0.733,false
CUST003268,CUST003688,co_borrower,0.715,true
CUST001977,CUST000306,co_borrower,0.774,false
CUST005872,CUST006052,co_borrower,0.744,true
CUST004912,CUST002996,co_borrower,0.839,true
CUST003739,CUST006597,co_borrower,0.904,true
CUST006984,CUST001433,co_borrower,0.824,true
CUST004591,CUST008533,co_borrower,0.891,true
CUST007249,CUST008482,co_borrower,0.833,false
CUST004259,CUST005970,co_borrower,0.935,true
CUST001047,CUST002392,co_borrower,0.815,true
CUST002208,CUST008370,co_borrower,0.851,true
CUST002967,CUST007761,co_borrower,0.943,true
CUST002934,CUST003819,co_borrower,0.922,false
CUST004598,CUST005223,co_borrower,0.709,true
CUST002527,CUST001853,co_borrower,0.801,true
CUST009499,CUST002632,co_borrower,0.797,true
CUST009846,CUST003380,co_borrower,0.815,true
CUST009510,CUST000586,co_borrower,0.84,false
CUST000969,CUST002319,co_borrower,0.739,true
CUST001333,CUST004331,co_borrower,0.937,true
CUST007381,CUST005355,co_borrower,0.713,true
CUST003245,CUST007451,co_borrower,0.942,false
CUST006564,CUST002442,co_borrower,0.843,true
CUST005593,CUST007105,co_borrower,0.89,true
CUST009229,CUST007996,co_borrower,0.858,true
CUST006944,CUST002461,co_borrower,0.759,true
CUST007512,CUST008585,co_borrower,0.837,true
CUST005403,CUST003961,co_borrower,0.855,false
CUST000468,CUST008096,co_borrower,0.873,true
CUST005498,CUST004075,co_borrower,0.712,true
CUST008648,CUST000368,co_borrower,0.907,false
CUST008797,CUST003306,co_borrower,0.803,false
CUST006553,CUST001115,co_borrower,0.716,true
CUST000655,CUST007291,co_borrower,0.849,true
CUST002743,CUST007990,co_borrower,0.894,true
CUST003767,CUST008982,co_borrower,0.764,false
CUST004346,CUST005117,co_borrower,0.915,true
CUST000524,CUST009189,co_borrower,0.771,false
CUST005658,CUST001468,co_borrower,0.876,true
CUST002028,CUST000158,co_borrower,0.836,true
CUST002261,CUST006855,co_borrower,0.833,true
CUST009640,CUST005864,co_borrower,0.787,true
CUST007763,CUST002230,co_borrower,0.89,true
CUST008513,CUST001479,co_borrower,0.905,true
CUST008341,CUST009952,co_borrower,0.846,true
CUST007186,CUST008721,co_borrower,0.915,true
CUST005177,CUST009860,co_borrower,0.75,true
CUST009454,CUST006538,co_borrower,0.774,true
CUST007021,CUST002306,co_borrower,0.909,true
CUST008999,CUST000331,co_borrower,0.803,true
CUST002920,CUST006517,co_borrower,0.825,true
CUST006751,CUST003812,co_borrower,0.863,true
CUST007122,CUST001123,co_borrower,0.875,false
CUST006003,CUST005887,co_borrower,0.747,true
CUST001227,CUST008383,co_borrower,0.938,true
CUST008999,CUST004872,co_borrower,0.878,false
CUST001591,CUST009247,co_borrower,0.856,true
CUST007304,CUST007132,co_borrower,0.839,true
CUST007484,CUST003343,co_borrower,0.919,true
CUST000394,CUST005448,co_borrower,0.778,true
CUST009332,CUST000825,co_borrower,0.755,false
CUST002747,CUST001511,co_borrower,0.809,true
CUST000994,CUST003016,co_borrower,0.842,true
CUST004306,CUST000096,co_borrower,0.718,true
CUST008274,CUST009401,co_borrower,0.703,false
CUST006661,CUST000655,co_borrower,0.853,false
CUST001730,CUST004284,co_borrower,0.758,true
CUST008080,CUST000114,co_borrower,0.925,true
CUST000691,CUST007542,co_borrower,0.927,false
CUST002366,CUST005173,co_borrower,0.903,true
CUST009486,CUST007427,co_borrower,0.745,false
CUST009631,CUST000922,co_borrower,0.871,true
CUST008531,CUST002859,co_borrower,0.855,true
CUST005636,CUST003631,co_borrower,0.946,true
CUST005141,CUST006474,co_borrower,0.853,true
CUST006343,CUST005951,co_borrower,0.84,true
CUST002920,CUST002004,co_borrower,0.864,true
CUST002362,CUST007587,co_borrower,0.873,false
CUST008130,CUST000119,co_borrower,0.922,true
CUST009744,CUST009901,co_borrower,0.74,false
CUST008167,CUST009456,co_borrower,0.944,true
CUST002863,CUST004601,co_borrower,0.736,true
CUST006343,CUST008565,co_borrower,0.848,false
CUST007964,CUST009498,co_borrower,0.737,false
CUST002006,CUST007230,co_borrower,0.759,true
CUST005755,CUST004327,co_borrower,0.745,true
CUST009014,CUST004322,co_borrower,0.864,false
CUST007805,CUST008270,co_borrower,0.781,true
CUST009452,CUST006258,co_borrower,0.92,false
CUST001370,CUST007963,co_borrower,0.843,true
CUST007914,CUST005367,co_borrower,0.81,false
CUST004684,CUST003508,co_borrower,0.711,false
CUST007823,CUST002103,co_borrower,0.756,true
CUST005248,CUST009692,co_borrower,0.744,true
CUST004282,CUST007733,co_borrower,0.835,true
CUST009932,CUST000942,co_borrower,0.853,true
CUST002719,CUST008976,co_borrower,0.728,true
CUST001690,CUST006220,co_borrower,0.826,true
CUST009631,CUST008796,co_borrower,0.727,true
CUST001034,CUST008703,co_borrower,0.721,true
CUST008735,CUST006841,co_borrower,0.723,true
CUST004948,CUST000382,co_borrower,0.786,false
CUST003147,CUST004824,co_borrower,0.771,false
CUST000194,CUST008628,co_borrower,0.754,true
CUST000655,CUST000688,co_borrower,0.708,false
CUST000061,CUST001024,co_borrower,0.836,false
CUST001583,CUST000147,co_borrower,0.862,true
CUST007508,CUST008143,co_borrower,0.935,false
CUST009100,CUST000197,co_borrower,0.704,false
CUST003117,CUST003527,co_borrower,0.759,true
CUST008274,CUST005311,co_borrower,0.947,true
CUST001243,CUST000336,co_borrower,0.9,true
CUST002008,CUST003095,co_borrower,0.901,false
CUST001685,CUST007815,co_borrower,0.909,true
CUST009887,CUST003315,co_borrower,0.871,true
CUST009743,CUST009234,co_borrower,0.852,false
CUST009387,CUST005383,co_borrower,0.919,true
CUST007520,CUST007847,co_borrower,0.934,false
CUST003802,CUST001837,co_borrower,0.711,true
CUST000460,CUST008112,co_borrower,0.879,true
CUST007006,CUST006593,co_borrower,0.775,true
CUST009038,CUST004149,co_borrower,0.757,true
CUST009153,CUST002587,co_borrower,0.788,true
CUST003737,CUST006186,co_borrower,0.833,true
CUST003535,CUST004053,co_borrower,0.82,true
CUST009252,CUST004656,co_borrower,0.705,false
CUST004883,CUST006537,co_borrower,0.794,true
CUST006529,CUST002814,co_borrower,0.916,true
CUST007979,CUST006308,co_borrower,0.77,true
CUST000449,CUST006367,co_borrower,0.849,true
CUST003178,CUST007075,co_borrower,0.921,true
CUST005740,CUST007421,co_borrower,0.768,true
CUST001273,CUST000310,co_borrower,0.729,true
CUST002248,CUST000947,co_borrower,0.847,false
CUST009461,CUST007994,co_borrower,0.808,false
CUST002791,CUST006118,co_borrower,0.732,false
CUST004725,CUST003871,co_borrower,0.739,true
CUST006095,CUST006675,co_borrower,0.731,true
CUST009513,CUST009958,co_borrower,0.75,true
CUST006743,CUST005051,co_borrower,0.942,true
CUST009044,CUST000202,co_borrower,0.927,true
CUST005605,CUST009817,co_borrower,0.751,false
CUST009095,CUST006917,co_borrower,0.751,true
CUST003280,CUST006951,co_borrower,0.786,true
CUST008519,CUST001795,co_borrower,0.857,false
CUST009036,CUST002556,co_borrower,0.85,false
CUST007457,CUST004435,co_borrower,0.937,true
CUST007326,CUST001677,co_borrower,0.785,true
CUST001870,CUST004604,co_borrower,0.741,false
CUST007036,CUST006562,co_borrower,0.854,false
CUST005559,CUST002521,co_borrower,0.837,true
CUST001994,CUST008462,co_borrower,0.937,false
CUST002388,CUST004739,co_borrower,0.845,true
CUST004555,CUST007668,co_borrower,0.913,true
CUST002070,CUST006004,co_borrower,0.887,true
CUST003717,CUST009174,co_borrower,0.744,true
CUST005413,CUST005448,co_borrower,0.895,false
CUST007063,CUST008354,co_borrower,0.772,true
CUST001245,CUST002572,co_borrower,0.726,true
CUST009921,CUST000034,co_borrower,0.785,false
CUST005684,CUST002473,co_borrower,0.779,true
CUST000740,CUST008389,co_borrower,0.733,true
CUST009961,CUST005472,co_borrower,0.859,true
CUST005094,CUST004690,co_borrower,0.869,true
CUST004846,CUST001551,co_borrower,0.796,true
CUST000077,CUST008351,co_borrower,0.868,true
CUST004401,CUST004923,co_borrower,0.705,true
CUST005017,CUST007664,co_borrower,0.931,true
CUST002818,CUST004862,co_borrower,0.737,true
CUST000216,CUST008751,co_borrower,0.91,false
CUST008518,CUST002792,co_borrower,0.893,true
CUST009998,CUST003244,co_borrower,0.907,true
CUST007488,CUST005423,co_borrower,0.747,true
CUST009013,CUST005226,co_borrower,0.731,true
CUST000761,CUST008304,co_borrower,0.826,true
CUST008902,CUST002765,co_borrower,0.872,false
CUST004158,CUST004264,co_borrower,0.726,true
CUST005877,CUST005800,co_borrower,0.847,true
CUST005722,CUST006167,co_borrower,0.796,true
CUST007344,CUST005427,co_borrower,0.798,true
CUST008024,CUST001038,co_borrower,0.898,true
CUST003456,CUST009661,co_borrower,0.722,true
CUST004107,CUST008392,co_borrower,0.739,true
CUST003134,CUST002824,co_borrower,0.708,true
CUST007122,CUST006724,co_borrower,0.907,false
CUST000112,CUST005839,co_borrower,0.828,true
CUST004050,CUST007200,co_borrower,0.832,true
CUST003152,CUST006823,co_borrower,0.922,false
CUST001166,CUST001532,co_borrower,0.851,true
CUST008293,CUST007186,co_borrower,0.813,true
CUST007285,CUST009317,co_borrower,0.793,true
CUST000723,CUST003754,co_borrower,0.876,true
CUST000323,CUST009332,co_borrower,0.942,true
CUST004314,CUST005894,co_borrower,0.81,true
CUST003118,CUST009412,co_borrower,0.803,true
CUST003396,CUST007705,co_borrower,0.908,true
CUST005192,CUST006616,co_borrower,0.757,false
CUST008251,CUST001578,co_borrower,0.74,false
CUST004224,CUST005702,co_borrower,0.713,true
CUST008115,CUST004876,co_borrower,0.881,true
CUST008858,CUST008768,co_borrower,0.802,true
CUST002206,CUST006723,co_borrower,0.709,true
CUST002006,CUST003697,co_borrower,0.808,false
CUST004461,CUST005528,co_borrower,0.925,true
CUST004815,CUST000351,co_borrower,0.799,true
CUST004367,CUST007964,co_borrower,0.707,true
CUST005153,CUST005423,co_borrower,0.843,true
CUST005616,CUST004047,co_borrower,0.714,false
CUST003784,CUST003515,co_borrower,0.754,true
CUST008786,CUST002431,co_borrower,0.715,true
CUST007648,CUST004006,co_borrower,0.949,true
CUST001407,CUST007444,co_borrower,0.792,true
CUST005872,CUST008215,co_borrower,0.731,true
CUST004140,CUST008378,co_borrower,0.857,true
CUST001200,CUST001048,co_borrower,0.888,true
CUST006803,CUST005115,co_borrower,0.798,true
CUST002398,CUST002044,co_borrower,0.777,false
CUST005107,CUST007469,co_borrower,0.86,true
CUST001118,CUST009354,co_borrower,0.715,true
CUST002650,CUST005458,co_borrower,0.847,true
CUST003245,CUST005281,co_borrower,0.802,true
CUST000391,CUST007783,co_borrower,0.818,false
CUST003403,CUST004705,co_borrower,0.894,true
CUST001159,CUST002542,co_borrower,0.856,true
CUST005199,CUST006617,co_borrower,0.77,false
CUST008080,CUST001028,co_borrower,0.727,true
CUST007221,CUST002602,co_borrower,0.812,true
CUST006986,CUST008929,co_borrower,0.88,true
CUST001521,CUST008412,co_borrower,0.76,true
CUST002675,CUST007081,co_borrower,0.878,false
CUST003623,CUST001015,co_borrower,0.828,false
CUST003111,CUST005396,guarantor,0.985,false
CUST003329,CUST008940,guarantor,0.94,true
CUST002575,CUST002735,guarantor,0.894,true
CUST003363,CUST009025,guarantor,0.851,true
CUST003768,CUST007242,guarantor,0.975,true
CUST004167,CUST006299,guarantor,0.876,true
CUST003045,CUST001024,guarantor,0.938,true
CUST005551,CUST005557,guarantor,0.989,true
CUST003178,CUST001974,guarantor,0.887,true
CUST006893,CUST008920,guarantor,0.863,true
CUST007292,CUST007958,guarantor,0.99,true
CUST000549,CUST003518,guarantor,0.817,false
CUST000994,CUST005833,guarantor,0.904,true
CUST005474,CUST004669,guarantor,0.885,true
CUST006305,CUST001920,guarantor,0.841,true
CUST004583,CUST004860,guarantor,0.918,true
CUST008710,CUST004274,guarantor,0.946,true
CUST009594,CUST008780,guarantor,0.934,true
CUST006181,CUST000949,guarantor,0.974,false
CUST003923,CUST002196,guarantor,0.859,false
CUST005027,CUST003050,guarantor,0.958,true
CUST001529,CUST004773,guarantor,0.889,false
CUST000652,CUST008644,guarantor,0.967,false
CUST003792,CUST007704,guarantor,0.848,true
CUST008952,CUST000598,guarantor,0.91,true
CUST008683,CUST008272,guarantor,0.802,false
CUST006181,CUST000935,guarantor,0.899,true
CUST006661,CUST001282,guarantor,0.985,false
CUST002616,CUST002562,guarantor,0.929,true
CUST000373,CUST009550,guarantor,0.978,false
CUST002060,CUST002105,guarantor,0.808,true
CUST008323,CUST009479,guarantor,0.929,false
CUST007505,CUST005200,guarantor,0.883,true
CUST008130,CUST001728,guarantor,0.886,false
CUST000258,CUST004116,guarantor,0.821,true
CUST009791,CUST001202,guarantor,0.884,false
CUST003328,CUST008311,guarantor,0.803,false
CUST004687,CUST000482,guarantor,0.84,true
CUST006564,CUST004311,guarantor,0.834,false
CUST004067,CUST009987,guarantor,0.904,true
CUST008902,CUST005529,guarantor,0.964,true
CUST009750,CUST006525,guarantor,0.837,true
CUST004656,CUST009181,guarantor,0.976,true
CUST003209,CUST006285,guarantor,0.956,true
CUST000268,CUST003217,guarantor,0.916,true
CUST007701,CUST007097,guarantor,0.933,true
CUST004781,CUST000942,guarantor,0.899,true
CUST002834,CUST007124,guarantor,0.874,true
CUST000829,CUST003898,guarantor,0.939,true
CUST009901,CUST006103,guarantor,0.926,true
CUST003981,CUST008762,guarantor,0.852,true
CUST009499,CUST006568,guarantor,0.869,true
CUST003083,CUST006294,guarantor,0.88,false
CUST004085,CUST005879,guarantor,0.981,true
CUST001135,CUST003475,guarantor,0.854,true
CUST001135,CUST009144,guarantor,0.982,true
CUST009038,CUST005346,guarantor,0.889,true
CUST005066,CUST004105,guarantor,0.967,true
CUST001837,CUST000282,guarantor,0.973,true
CUST008525,CUST008229,guarantor,0.894,true
CUST008214,CUST003246,guarantor,0.944,true
CUST005771,CUST004513,guarantor,0.88,true
CUST000441,CUST008455,guarantor,0.842,false
CUST004758,CUST005263,guarantor,0.835,true
CUST008564,CUST000860,guarantor,0.892,false
CUST003138,CUST006416,guarantor,0.804,false
CUST009000,CUST005294,guarantor,0.829,true
CUST005913,CUST005060,guarantor,0.966,true
CUST000216,CUST001781,guarantor,0.949,false
CUST004591,CUST000374,guarantor,0.951,true
CUST009616,CUST003468,guarantor,0.977,false
CUST000250,CUST000454,guarantor,0.977,false
CUST005698,CUST000453,guarantor,0.967,true
CUST005307,CUST003222,guarantor,0.838,false
CUST003069,CUST008915,guarantor,0.82,false
CUST004591,CUST006539,guarantor,0.874,true
CUST003408,CUST001365,guarantor,0.868,true
CUST000264,CUST001757,guarantor,0.94,true
CUST005289,CUST007369,guarantor,0.811,true
CUST003363,CUST000970,guarantor,0.99,false
CUST002181,CUST006308,guarantor,0.819,true
CUST009329,CUST005301,guarantor,0.814,false
CUST006552,CUST005688,guarantor,0.927,true
CUST001312,CUST006603,guarantor,0.84,true
CUST004353,CUST006262,guarantor,0.989,false
CUST000700,CUST000222,guarantor,0.968,true
CUST003328,CUST002380,guarantor,0.815,true
CUST009719,CUST009898,guarantor,0.876,true
CUST008719,CUST005146,guarantor,0.837,true
CUST007218,CUST008267,guarantor,0.929,true
CUST000774,CUST009779,guarantor,0.85,true
CUST008184,CUST003483,guarantor,0.859,false
CUST001945,CUST006072,guarantor,0.988,true
CUST009825,CUST001112,guarantor,0.848,false
CUST000358,CUST001328,guarantor,0.815,false
CUST008583,CUST005727,guarantor,0.891,true
CUST007145,CUST008714,guarantor,0.949,true
CUST002944,CUST008175,guarantor,0.931,true
CUST002219,CUST001044,guarantor,0.92,true
CUST004401,CUST009576,guarantor,0.927,false
CUST004285,CUST001268,guarantor,0.801,true
CUST000419,CUST005715,guarantor,0.823,true
CUST005154,CUST007009,guarantor,0.938,true
CUST006635,CUST000886,guarantor,0.954,false
CUST002836,CUST009753,guarantor,0.895,false
CUST004851,CUST003338,guarantor,0.829,true
CUST007954,CUST005962,guarantor,0.804,false
CUST006687,CUST009812,guarantor,0.846,true
CUST004920,CUST007958,guarantor,0.826,true
CUST001041,CUST002380,guarantor,0.828,true
CUST006830,CUST001569,guarantor,0.832,true
CUST002916,CUST008455,guarantor,0.827,true
CUST002736,CUST003839,guarantor,0.98,false
CUST002544,CUST006503,guarantor,0.956,true
CUST008315,CUST000721,guarantor,0.819,true
CUST006486,CUST009948,guarantor,0.978,true
CUST005052,CUST006341,guarantor,0.833,true
CUST004430,CUST000099,guarantor,0.926,true
CUST005255,CUST007117,guarantor,0.895,false
CUST005941,CUST004077,guarantor,0.974,false
CUST003268,CUST002011,guarantor,0.936,true
CUST000612,CUST007814,guarantor,0.972,true
CUST004978,CUST009317,guarantor,0.83,true
CUST004024,CUST009113,guarantor,0.821,true
CUST002070,CUST008930,guarantor,0.917,true
CUST008979,CUST002931,guarantor,0.891,true
CUST002004,CUST007910,guarantor,0.897,true
CUST005214,CUST003415,guarantor,0.99,false
CUST003980,CUST001695,guarantor,0.891,false
CUST009825,CUST002947,guarantor,0.97,true
CUST006512,CUST005966,guarantor,0.848,true
CUST004564,CUST000794,guarantor,0.899,true
CUST005253,CUST006302,guarantor,0.965,true
CUST001593,CUST005384,guarantor,0.982,false
CUST008597,CUST006964,guarantor,0.808,true
CUST000612,CUST003489,guarantor,0.983,true
CUST000186,CUST008724,guarantor,0.961,true
CUST007708,CUST002941,guarantor,0.838,true
CUST001082,CUST003789,guarantor,0.867,true
CUST008898,CUST005879,guarantor,0.942,true
CUST000918,CUST006745,guarantor,0.92,true
CUST005329,CUST005867,guarantor,0.864,false
CUST006648,CUST000125,guarantor,0.966,true
CUST007750,CUST001825,guarantor,0.926,true
CUST005803,CUST006856,guarantor,0.885,false
CUST003407,CUST001117,guarantor,0.973,false
CUST009482,CUST004954,guarantor,0.858,false
CUST004793,CUST008905,guarantor,0.864,true
CUST005662,CUST003059,guarantor,0.846,true
CUST006915,CUST004386,guarantor,0.839,false
CUST006985,CUST005664,guarantor,0.824,true
CUST007399,CUST005133,guarantor,0.831,true
CUST006756,CUST003953,guarantor,0.819,true
CUST001663,CUST003816,guarantor,0.947,false
CUST001618,CUST009293,guarantor,0.827,true
CUST001009,CUST002754,guarantor,0.843,true
CUST002243,CUST006929,guarantor,0.983,true
CUST006419,CUST008566,guarantor,0.915,true
CUST001573,CUST003569,guarantor,0.837,true
CUST000504,CUST003226,guarantor,0.809,true
CUST004623,CUST008575,guarantor,0.883,true
CUST009150,CUST005756,guarantor,0.883,true
CUST009157,CUST003741,guarantor,0.923,false
CUST003802,CUST009273,guarantor,0.867,true
CUST005336,CUST004669,guarantor,0.863,false
CUST007145,CUST003303,guarantor,0.832,true
CUST000311,CUST005201,guarantor,0.851,true
CUST009192,CUST004603,guarantor,0.918,true
CUST003580,CUST005834,guarantor,0.97,true
CUST007882,CUST006456,guarantor,0.969,true
CUST005205,CUST000212,guarantor,0.831,true
CUST007574,CUST002588,guarantor,0.833,true
CUST003510,CUST002410,guarantor,0.854,true
CUST004190,CUST006646,guarantor,0.854,true
CUST006135,CUST005890,guarantor,0.887,false
CUST001811,CUST005573,guarantor,0.853,false
CUST006904,CUST009962,guarantor,0.84,true
CUST002975,CUST001982,guarantor,0.958,true
CUST006062,CUST004511,guarantor,0.817,true
CUST004623,CUST004756,guarantor,0.84,true
CUST006701,CUST007620,guarantor,0.971,true
CUST008173,CUST002709,guarantor,0.81,true
CUST004051,CUST001380,guarantor,0.981,true
CUST002319,CUST003783,guarantor,0.977,true
CUST003699,CUST009464,guarantor,0.829,true
CUST001336,CUST002638,guarantor,0.906,false
CUST004888,CUST006927,guarantor,0.936,true
CUST008323,CUST008241,guarantor,0.921,false
CUST000250,CUST004194,guarantor,0.972,true
CUST008370,CUST001829,guarantor,0.849,true
CUST002398,CUST003585,guarantor,0.819,false
CUST000061,CUST006763,guarantor,0.836,true
CUST002855,CUST004334,guarantor,0.827,true
CUST003378,CUST007026,guarantor,0.932,true
CUST005647,CUST003474,guarantor,0.902,true
CUST004183,CUST008377,guarantor,0.822,true
CUST003200,CUST000331,guarantor,0.821,false
CUST003554,CUST004896,guarantor,0.82,true
CUST005938,CUST001169,guarantor,0.869,true
CUST000876,CUST003528,guarantor,0.831,false
CUST004652,CUST000924,guarantor,0.822,true
CUST002342,CUST004827,guarantor,0.894,true
CUST002492,CUST009801,guarantor,0.896,true
CUST006003,CUST008267,guarantor,0.837,true
CUST001227,CUST002869,guarantor,0.831,false
CUST005107,CUST000276,guarantor,0.91,false
CUST002889,CUST006675,guarantor,0.862,true
CUST005803,CUST007336,guarantor,0.959,true
CUST007616,CUST009357,guarantor,0.949,true
CUST007185,CUST006200,guarantor,0.888,true
CUST000186,CUST005240,guarantor,0.83,false
CUST005125,CUST005161,guarantor,0.855,true
CUST005907,CUST000591,guarantor,0.837,true
CUST008239,CUST009319,guarantor,0.94,true
CUST009968,CUST003125,guarantor,0.847,true
CUST000480,CUST003346,guarantor,0.938,true
CUST007300,CUST008046,guarantor,0.925,false
CUST003080,CUST001188,guarantor,0.985,true
CUST002428,CUST001662,guarantor,0.852,true
CUST001009,CUST003835,guarantor,0.852,false
CUST009433,CUST007950,guarantor,0.956,true
CUST002053,CUST007965,guarantor,0.931,false
CUST001035,CUST001066,guarantor,0.911,true
CUST004206,CUST005748,guarantor,0.804,false
CUST008564,CUST000134,guarantor,0.84,false
CUST001580,CUST005924,guarantor,0.873,false
CUST002718,CUST008275,guarantor,0.832,true
CUST005112,CUST005189,guarantor,0.957,true
CUST007558,CUST004601,guarantor,0.833,true
CUST007036,CUST002188,guarantor,0.879,true
CUST000469,CUST008589,guarantor,0.822,false
CUST003114,CUST006471,guarantor,0.925,true
CUST002342,CUST002824,guarantor,0.908,true
CUST007162,CUST004889,guarantor,0.961,false
CUST004574,CUST007613,guarantor,0.812,true
CUST000117,CUST009665,guarantor,0.867,true
CUST004846,CUST009950,guarantor,0.839,true
CUST004501,CUST001076,guarantor,0.867,true
CUST007497,CUST002114,guarantor,0.923,true
CUST005771,CUST006703,guarantor,0.905,true
CUST009813,CUST004998,guarantor,0.981,true
CUST000579,CUST005786,guarantor,0.977,true
CUST006270,CUST003010,guarantor,0.987,true
CUST008583,CUST005633,guarantor,0.886,true
CUST008004,CUST009683,guarantor,0.952,true
CUST009944,CUST001909,guarantor,0.939,true
CUST004877,CUST002413,guarantor,0.876,true
CUST002567,CUST007039,guarantor,0.838,true
CUST006904,CUST007068,guarantor,0.983,true
CUST008042,CUST002161,guarantor,0.885,false
CUST001307,CUST002377,guarantor,0.855,true
CUST006359,CUST009498,guarantor,0.904,false
CUST003942,CUST002597,guarantor,0.81,false
CUST002858,CUST006637,guarantor,0.848,true
CUST005873,CUST000037,guarantor,0.83,true
CUST002063,CUST005084,guarantor,0.951,false
CUST006759,CUST007315,guarantor,0.986,true
CUST003623,CUST007181,guarantor,0.96,false
CUST002283,CUST000210,guarantor,0.885,true
CUST002850,CUST001592,guarantor,0.822,true
CUST007300,CUST006439,guarantor,0.99,true
CUST002937,CUST001684,guarantor,0.949,true
CUST005566,CUST002941,guarantor,0.883,true
CUST005683,CUST003393,guarantor,0.827,false
CUST001436,CUST009164,guarantor,0.909,true
CUST006050,CUST009590,guarantor,0.886,true
CUST001027,CUST002874,guarantor,0.99,true
CUST009781,CUST000626,guarantor,0.841,false
CUST008004,CUST003371,guarantor,0.802,true
CUST004282,CUST005577,guarantor,0.918,true
CUST003837,CUST005277,guarantor,0.928,true
CUST003404,CUST007801,guarantor,0.915,true
CUST000559,CUST001194,guarantor,0.892,true
CUST005100,CUST004164,guarantor,0.839,true
CUST001927,CUST004699,guarantor,0.949,true
CUST008532,CUST004806,guarantor,0.82,false
CUST009791,CUST007208,guarantor,0.877,true
CUST004719,CUST001950,guarantor,0.987,true
CUST006110,CUST005986,guarantor,0.828,true
CUST002724,CUST005163,guarantor,0.817,true
CUST009920,CUST001868,guarantor,0.915,true
CUST006601,CUST004325,guarantor,0.861,true
CUST002007,CUST000954,guarantor,0.831,false
CUST003280,CUST008822,guarantor,0.982,true
CUST001553,CUST008201,guarantor,0.903,true
CUST009936,CUST005263,guarantor,0.953,true
CUST004920,CUST005758,guarantor,0.96,false
CUST003792,CUST003341,guarantor,0.804,true
CUST000034,CUST003803,guarantor,0.848,true
CUST000091,CUST005720,guarantor,0.81,true
CUST002366,CUST009214,guarantor,0.972,true
CUST003749,CUST006316,guarantor,0.811,true
CUST007198,CUST003582,guarantor,0.969,true
CUST009684,CUST002326,guarantor,0.955,true
CUST008950,CUST004890,guarantor,0.903,false
CUST005970,CUST002332,guarantor,0.826,false
CUST006531,CUST006029,guarantor,0.937,false
CUST004707,CUST005982,guarantor,0.837,true
CUST006551,CUST003128,guarantor,0.926,true
CUST002649,CUST003097,guarantor,0.846,true
CUST006465,CUST004069,guarantor,0.844,false
CUST009846,CUST001995,guarantor,0.845,true
CUST008600,CUST006301,guarantor,0.846,true
CUST009974,CUST004890,guarantor,0.963,false
CUST003358,CUST009659,guarantor,0.855,true
CUST006107,CUST003361,guarantor,0.835,true
CUST009618,CUST002073,guarantor,0.833,false
CUST008683,CUST003203,guarantor,0.835,true
CUST006997,CUST004422,guarantor,0.864,false
CUST006269,CUST007985,guarantor,0.832,true
CUST001844,CUST006428,guarantor,0.811,true
CUST004148,CUST007747,guarantor,0.817,true
CUST005390,CUST003482,guarantor,0.855,false
CUST002730,CUST002710,guarantor,0.87,true
CUST006359,CUST005545,guarantor,0.814,true
CUST005580,CUST001420,guarantor,0.928,false
CUST002975,CUST005080,guarantor,0.969,true
CUST004016,CUST002217,guarantor,0.866,true
CUST009746,CUST003556,guarantor,0.988,false
CUST006081,CUST007242,guarantor,0.88,true
CUST004432,CUST004525,guarantor,0.953,false
CUST000017,CUST003088,guarantor,0.989,false
CUST001828,CUST008069,guarantor,0.86,true
CUST003737,CUST009694,guarantor,0.891,true
CUST006584,CUST007665,guarantor,0.981,true
CUST005843,CUST004909,guarantor,0.937,true
CUST005153,CUST000535,guarantor,0.963,false
CUST003622,CUST009560,guarantor,0.878,true
CUST007698,CUST002659,guarantor,0.861,true
CUST004846,CUST002579,guarantor,0.926,true
CUST008737,CUST006796,guarantor,0.925,false
CUST002921,CUST003772,guarantor,0.869,true
CUST004298,CUST002982,guarantor,0.861,true
CUST003630,CUST005743,guarantor,0.879,true
CUST008346,CUST005672,guarantor,0.933,false
CUST001734,CUST009596,guarantor,0.976,true
CUST005183,CUST006617,guarantor,0.876,true
CUST007983,CUST006518,guarantor,0.821,true
CUST003229,CUST005963,guarantor,0.891,true
CUST004453,CUST001421,guarantor,0.809,true
CUST003193,CUST005086,guarantor,0.868,true
CUST001486,CUST007448,guarantor,0.964,false
CUST009218,CUST002888,guarantor,0.827,true
CUST008356,CUST005049,guarantor,0.845,true
CUST000878,CUST002699,guarantor,0.863,true
CUST006286,CUST006538,guarantor,0.959,true
CUST002210,CUST005615,guarantor,0.866,true
CUST006078,CUST000853,guarantor,0.969,true
CUST009565,CUST009326,guarantor,0.922,true
CUST005104,CUST001791,guarantor,0.927,true
CUST003118,CUST008059,guarantor,0.905,true
CUST008597,CUST008339,guarantor,0.89,true
CUST004620,CUST003646,guarantor,0.98,false
CUST004789,CUST009981,guarantor,0.987,false
CUST001534,CUST006879,guarantor,0.944,true
CUST006770,CUST000354,guarantor,0.808,true
CUST007674,CUST007175,guarantor,0.941,true
CUST002850,CUST005246,guarantor,0.987,true
CUST004401,CUST001651,guarantor,0.963,true
CUST009125,CUST007779,guarantor,0.866,true
CUST006952,CUST007885,guarantor,0.93,true
CUST004514,CUST007293,guarantor,0.948,true
CUST001249,CUST003279,guarantor,0.886,true
CUST006809,CUST009284,guarantor,0.899,true
CUST004155,CUST007136,guarantor,0.962,true
CUST004718,CUST003984,guarantor,0.849,true
CUST001422,CUST007686,guarantor,0.938,true
CUST000542,CUST008133,guarantor,0.833,true
CUST009157,CUST006891,guarantor,0.927,true
CUST005177,CUST004294,guarantor,0.964,true
CUST009488,CUST007528,guarantor,0.803,false
CUST002297,CUST007877,guarantor,0.911,false
CUST004432,CUST003791,guarantor,0.829,true
CUST005551,CUST008556,guarantor,0.961,true
CUST009281,CUST006728,guarantor,0.864,true
CUST002664,CUST009294,guarantor,0.957,true
CUST008018,CUST005148,guarantor,0.975,true
CUST005402,CUST007297,guarantor,0.879,true
CUST009171,CUST006560,guarantor,0.966,true
CUST005759,CUST000049,guarantor,0.883,true
CUST008564,CUST009900,guarantor,0.914,true
CUST002806,CUST003617,guarantor,0.814,false
CUST006605,CUST000063,guarantor,0.899,false
CUST001028,CUST009139,guarantor,0.963,true
CUST009461,CUST004210,guarantor,0.812,true
CUST003802,CUST008912,guarantor,0.949,false
CUST009619,CUST004615,guarantor,0.841,true
CUST006571,CUST008082,guarantor,0.935,true
CUST002730,CUST007631,guarantor,0.923,true
CUST003317,CUST005404,guarantor,0.851,true
CUST003649,CUST006073,guarantor,0.953,false
CUST007112,CUST001799,guarantor,0.95,true
CUST003435,CUST000615,guarantor,0.908,true
CUST007435,CUST007184,guarantor,0.844,true
CUST005739,CUST009260,guarantor,0.828,true
CUST000542,CUST008812,guarantor,0.88,true
CUST001041,CUST006249,guarantor,0.978,true
CUST003865,CUST002175,guarantor,0.809,true
CUST001824,CUST003021,guarantor,0.988,true
CUST002718,CUST001319,guarantor,0.985,false
CUST006551,CUST008183,guarantor,0.913,true
CUST009837,CUST008459,guarantor,0.889,true
CUST004259,CUST007998,guarantor,0.986,true
CUST005058,CUST004515,guarantor,0.846,false
CUST001927,CUST006631,guarantor,0.898,true
CUST005378,CUST002642,guarantor,0.847,true
CUST001826,CUST000495,guarantor,0.831,true
CUST002008,CUST004218,guarantor,0.853,true
CUST003719,CUST004523,guarantor,0.909,true
CUST003240,CUST005126,guarantor,0.961,false
CUST000462,CUST006999,guarantor,0.851,false
CUST005714,CUST000950,guarantor,0.866,true
CUST008058,CUST000458,guarantor,0.957,true
CUST009491,CUST003230,guarantor,0.862,true
CUST000161,CUST007756,guarantor,0.875,true
CUST007721,CUST004272,guarantor,0.882,false
CUST003155,CUST006241,guarantor,0.969,true
CUST001842,CUST000157,guarantor,0.806,true
CUST008790,CUST009688,guarantor,0.899,true
CUST004725,CUST007725,guarantor,0.917,false
CUST006003,CUST006501,guarantor,0.961,true
CUST002349,CUST006731,guarantor,0.804,true
CUST006040,CUST001672,guarantor,0.922,true
CUST002866,CUST004973,guarantor,0.891,true
CUST001424,CUST006775,guarantor,0.863,false
CUST001562,CUST002984,guarantor,0.921,true
CUST005136,CUST006157,guarantor,0.913,false
CUST003285,CUST003873,guarantor,0.95,false
CUST003115,CUST005960,guarantor,0.974,false
CUST002147,CUST009675,guarantor,0.949,true
CUST003911,CUST009795,guarantor,0.944,false
CUST004158,CUST007614,guarantor,0.827,false
CUST000737,CUST009884,guarantor,0.966,false
CUST004183,CUST002095,guarantor,0.865,false
CUST004233,CUST000702,guarantor,0.91,true
CUST003535,CUST008721,guarantor,0.981,true
CUST002287,CUST002673,guarantor,0.96,true
CUST007484,CUST005685,guarantor,0.843,true
CUST004147,CUST005299,guarantor,0.899,true
CUST002007,CUST000434,guarantor,0.887,true
CUST002295,CUST008045,guarantor,0.924,true
CUST005112,CUST009498,guarantor,0.932,true
CUST004938,CUST003457,guarantor,0.875,true
CUST001171,CUST003525,guarantor,0.802,false
CUST004224,CUST007209,guarantor,0.942,false
CUST001676,CUST005109,guarantor,0.839,true
CUST000391,CUST005982,guarantor,0.86,true
CUST006553,CUST001117,guarantor,0.891,true
CUST002010,CUST006524,guarantor,0.962,true
CUST005872,CUST006117,guarantor,0.97,false
CUST003396,CUST008599,guarantor,0.981,false
CUST000873,CUST001204,guarantor,0.929,true
CUST001227,CUST008283,guarantor,0.84,true
CUST005737,CUST000820,guarantor,0.861,true
CUST001494,CUST006362,guarantor,0.967,false
CUST004592,CUST008788,guarantor,0.986,true
CUST004816,CUST007831,guarantor,0.952,true
CUST008184,CUST003437,guarantor,0.929,true
CUST002602,CUST006663,guarantor,0.962,true
CUST007292,CUST001733,guarantor,0.827,false
CUST005089,CUST009665,guarantor,0.882,true
CUST007006,CUST008084,guarantor,0.834,true
CUST001272,CUST008229,guarantor,0.948,true
CUST007268,CUST007568,guarantor,0.852,true
CUST006724,CUST001128,guarantor,0.842,false
CUST003660,CUST009579,guarantor,0.862,true
CUST001492,CUST008589,guarantor,0.87,true
CUST001674,CUST001022,guarantor,0.871,false
CUST000692,CUST007151,guarantor,0.945,true
CUST006443,CUST007985,guarantor,0.845,false
CUST002203,CUST000880,guarantor,0.893,false
CUST005390,CUST005053,guarantor,0.981,true
CUST005353,CUST005299,guarantor,0.925,true
CUST003746,CUST002639,guarantor,0.946,true
CUST004668,CUST007589,guarantor,0.884,true
CUST004066,CUST003018,guarantor,0.871,true
CUST004417,CUST002494,guarantor,0.854,true
CUST009171,CUST006566,guarantor,0.928,false
CUST001146,CUST006609,guarantor,0.831,true
CUST006305,CUST004222,guarantor,0.965,true
CUST009800,CUST003775,guarantor,0.875,true
CUST009221,CUST007450,guarantor,0.867,true
CUST007606,CUST000128,guarantor,0.863,true
CUST005820,CUST002932,guarantor,0.919,true
CUST009503,CUST009423,guarantor,0.913,false
CUST003378,CUST004379,guarantor,0.975,true
CUST004405,CUST007416,guarantor,0.944,true
CUST004935,CUST007134,guarantor,0.9,true
CUST004880,CUST005854,guarantor,0.938,true
CUST002393,CUST000281,guarantor,0.883,true
CUST005074,CUST008125,guarantor,0.886,false
CUST004346,CUST003044,guarantor,0.962,false
CUST000377,CUST001025,guarantor,0.987,true
CUST002485,CUST005294,guarantor,0.873,false
CUST001873,CUST009759,guarantor,0.806,true
CUST007149,CUST001897,guarantor,0.818,false
CUST004138,CUST003021,guarantor,0.849,false
CUST005698,CUST000594,guarantor,0.812,true
CUST005682,CUST001731,guarantor,0.8,false
CUST006111,CUST007849,guarantor,0.942,true
CUST009193,CUST006380,guarantor,0.911,true
CUST006464,CUST002452,guarantor,0.888,false
CUST002637,CUST005344,guarantor,0.84,false
CUST000250,CUST009243,guarantor,0.986,true
CUST009809,CUST008586,guarantor,0.883,true
CUST000403,CUST001456,guarantor,0.959,true
CUST002777,CUST002622,guarantor,0.804,true
CUST008836,CUST008006,guarantor,0.824,false
CUST007292,CUST007203,guarantor,0.868,true
CUST008898,CUST005732,guarantor,0.917,false
CUST008359,CUST005785,guarantor,0.888,true
CUST007478,CUST007974,guarantor,0.837,true
CUST007094,CUST009126,guarantor,0.926,true
CUST005586,CUST003891,guarantor,0.936,false
CUST003889,CUST003953,guarantor,0.861,true
CUST001951,CUST002477,guarantor,0.872,true
CUST001034,CUST007951,guarantor,0.852,true
CUST001750,CUST005473,guarantor,0.927,true
CUST008389,CUST008170,guarantor,0.853,false
CUST009014,CUST006585,guarantor,0.928,false
CUST001599,CUST007027,guarantor,0.939,true
CUST007705,CUST005111,guarantor,0.899,false
CUST004868,CUST000383,guarantor,0.816,true
CUST008452,CUST006164,guarantor,0.848,false
CUST007308,CUST009073,guarantor,0.842,true
CUST008965,CUST006686,guarantor,0.866,true
CUST004851,CUST007286,guarantor,0.901,true
CUST003736,CUST009292,guarantor,0.928,true
CUST005578,CUST002636,guarantor,0.898,true
CUST007712,CUST008266,guarantor,0.914,true
CUST007553,CUST004421,guarantor,0.957,true
CUST008758,CUST003571,guarantor,0.983,true
CUST004848,CUST004966,guarantor,0.809,true
CUST001215,CUST006994,guarantor,0.844,false
CUST000874,CUST003938,guarantor,0.981,false
CUST002488,CUST004153,guarantor,0.904,true
CUST008648,CUST002760,guarantor,0.813,false
CUST004939,CUST007303,guarantor,0.937,true
CUST002544,CUST009206,guarantor,0.813,true
CUST007099,CUST000306,guarantor,0.867,true
CUST001197,CUST005146,guarantor,0.909,true
CUST008913,CUST004640,guarantor,0.849,false
CUST009452,CUST006490,guarantor,0.942,true
CUST005913,CUST003809,guarantor,0.814,false
CUST004147,CUST007835,guarantor,0.93,false
CUST003627,CUST009830,guarantor,0.883,true
CUST003417,CUST000507,guarantor,0.981,true
CUST004654,CUST002588,guarantor,0.94,true
CUST003719,CUST001710,guarantor,0.832,true
CUST004321,CUST008559,guarantor,0.89,true
CUST001750,CUST005124,guarantor,0.917,false
CUST001599,CUST003157,guarantor,0.964,false
CUST003942,CUST004924,guarantor,0.816,false
CUST005056,CUST006983,guarantor,0.837,true
CUST003725,CUST005906,guarantor,0.923,true
CUST007435,CUST006591,guarantor,0.855,true
CUST000358,CUST004119,guarantor,0.947,true
CUST005216,CUST009321,guarantor,0.912,true
CUST008410,CUST002407,guarantor,0.97,true
CUST005997,CUST009074,guarantor,0.86,true
CUST003243,CUST002788,guarantor,0.959,true
CUST000931,CUST002318,guarantor,0.848,true
CUST000035,CUST001375,guarantor,0.902,true
CUST005585,CUST008896,guarantor,0.973,false
CUST003317,CUST005808,guarantor,0.933,true
CUST004445,CUST001202,guarantor,0.928,true
CUST001200,CUST003316,guarantor,0.892,true
CUST003660,CUST003962,guarantor,0.815,true
CUST006044,CUST007911,guarantor,0.858,true
CUST004061,CUST005364,guarantor,0.864,true
CUST003779,CUST001008,guarantor,0.98,true
CUST001272,CUST002907,guarantor,0.979,true
CUST009871,CUST007444,guarantor,0.915,false
CUST006304,CUST008875,guarantor,0.884,false
CUST004944,CUST001713,guarantor,0.987,true
CUST007712,CUST008302,guarantor,0.862,false
CUST007107,CUST003832,guarantor,0.927,true
CUST001647,CUST004638,guarantor,0.8,false
CUST007248,CUST002993,guarantor,0.94,true
CUST004402,CUST002610,guarantor,0.979,true
CUST006859,CUST008590,guarantor,0.982,true
CUST005712,CUST009298,guarantor,0.854,false
CUST006440,CUST007111,guarantor,0.835,true
CUST002566,CUST007831,guarantor,0.809,true
CUST003554,CUST009908,guarantor,0.937,false
CUST004348,CUST009798,guarantor,0.93,false
CUST001343,CUST004098,guarantor,0.965,false
CUST006794,CUST009768,guarantor,0.875,true
CUST008989,CUST005380,guarantor,0.982,true
CUST009893,CUST000357,guarantor,0.944,true
CUST007010,CUST008559,guarantor,0.971,true
CUST009268,CUST000894,guarantor,0.814,true
CUST006536,CUST007575,guarantor,0.933,false
CUST000324,CUST001896,guarantor,0.963,true
CUST002315,CUST001758,guarantor,0.801,false
CUST001200,CUST004382,guarantor,0.927,true
CUST005673,CUST007316,guarantor,0.899,false
CUST006976,CUST008211,guarantor,0.878,false
CUST000934,CUST006171,guarantor,0.891,true
CUST001827,CUST003074,guarantor,0.97,true
CUST004661,CUST006503,same_employer,0.473,false
CUST006877,CUST000147,same_employer,0.388,true
CUST001880,CUST008070,same_employer,0.443,false
CUST002421,CUST001367,same_employer,0.437,false
CUST007416,CUST003201,same_employer,0.397,true
CUST001082,CUST005118,same_employer,0.383,true
CUST006746,CUST004729,same_employer,0.348,false
CUST009771,CUST006586,same_employer,0.565,true
CUST000115,CUST002023,same_employer,0.349,true
CUST000343,CUST000078,same_employer,0.467,false
CUST004358,CUST005709,same_employer,0.485,true
CUST008092,CUST006468,same_employer,0.349,true
CUST008306,CUST004972,same_employer,0.436,true
CUST001715,CUST001577,same_employer,0.499,true
CUST002506,CUST008793,same_employer,0.558,true
CUST007181,CUST009990,same_employer,0.47,true
CUST001018,CUST005189,same_employer,0.589,false
CUST004827,CUST005972,same_employer,0.341,true
CUST005562,CUST009090,same_employer,0.375,true
CUST001231,CUST003644,same_employer,0.561,true
CUST006643,CUST003263,same_employer,0.396,true
CUST009203,CUST004062,same_employer,0.398,true
CUST009825,CUST004181,same_employer,0.356,true
CUST005679,CUST003592,same_employer,0.321,true
CUST008627,CUST005436,same_employer,0.444,true
CUST002089,CUST006060,same_employer,0.448,true
CUST009126,CUST000187,same_employer,0.393,true
CUST009749,CUST001145,same_employer,0.459,true
CUST001871,CUST009433,same_employer,0.34,false
CUST008077,CUST003684,same_employer,0.476,true
CUST000501,CUST003535,same_employer,0.383,true
CUST003886,CUST006192,same_employer,0.322,false
CUST009126,CUST003384,same_employer,0.411,true
CUST002762,CUST006112,same_employer,0.528,true
CUST002031,CUST005325,same_employer,0.509,true
CUST006818,CUST007057,same_employer,0.583,true
CUST002800,CUST009525,same_employer,0.427,true
CUST000938,CUST001901,same_employer,0.586,true
CUST000571,CUST003872,same_employer,0.561,true
CUST005830,CUST009603,same_employer,0.512,false
CUST008160,CUST003195,same_employer,0.507,true
CUST005912,CUST001897,same_employer,0.597,true
CUST002384,CUST003623,same_employer,0.44,false
CUST001478,CUST007305,same_employer,0.509,true
CUST009798,CUST007819,same_employer,0.341,true
CUST006881,CUST005814,same_employer,0.446,true
CUST004343,CUST000090,same_employer,0.446,false
CUST008121,CUST003867,same_employer,0.506,true
CUST002748,CUST005956,same_employer,0.388,true
CUST003201,CUST007042,same_employer,0.443,false
CUST004680,CUST009516,same_employer,0.428,true
CUST000554,CUST007710,same_employer,0.307,false
CUST001057,CUST008858,same_employer,0.503,false
CUST005894,CUST001339,same_employer,0.48,true
CUST000556,CUST005733,same_employer,0.439,true
CUST000938,CUST006468,same_employer,0.324,true
CUST006306,CUST006996,same_employer,0.46,true
CUST008843,CUST001161,same_employer,0.483,true
CUST001890,CUST008962,same_employer,0.527,false
CUST007627,CUST002542,same_employer,0.556,true
CUST009482,CUST006746,same_employer,0.478,true
CUST007947,CUST003722,same_employer,0.429,true
CUST007058,CUST005610,same_employer,0.371,true
CUST002724,CUST003722,same_employer,0.512,true
CUST004217,CUST008550,same_employer,0.301,true
CUST005588,CUST009567,same_employer,0.568,false
CUST006966,CUST005987,same_employer,0.327,true
CUST005407,CUST004579,same_employer,0.469,true
CUST002089,CUST008718,same_employer,0.304,true
CUST002357,CUST001767,same_employer,0.367,true
CUST009256,CUST008183,same_employer,0.466,true
CUST007281,CUST009831,same_employer,0.532,true
CUST005802,CUST005973,same_employer,0.42,true
CUST004722,CUST005425,same_employer,0.446,true
CUST004919,CUST007040,same_employer,0.424,false
CUST001698,CUST006303,same_employer,0.431,true
CUST009891,CUST008077,same_employer,0.304,false
CUST008115,CUST004367,same_employer,0.459,true
CUST009378,CUST005328,same_employer,0.571,false
CUST000545,CUST009743,same_employer,0.489,false
CUST009127,CUST008718,same_employer,0.383,true
CUST005668,CUST003304,same_employer,0.321,false
CUST002831,CUST003168,same_employer,0.565,true
CUST007207,CUST001038,same_employer,0.498,true
CUST008907,CUST004596,same_employer,0.383,true
CUST000476,CUST003338,same_employer,0.32,true
CUST006967,CUST007157,same_employer,0.536,false
CUST003491,CUST004854,same_employer,0.474,true
CUST002445,CUST007331,same_employer,0.358,false
CUST008590,CUST005836,same_employer,0.364,true
CUST006691,CUST009234,same_employer,0.424,false
CUST007117,CUST006513,same_employer,0.54,true
CUST002122,CUST009010,same_employer,0.312,true
CUST001310,CUST004076,same_employer,0.561,true
CUST008223,CUST007719,same_employer,0.52,true
CUST003101,CUST007987,same_employer,0.55,false
CUST001292,CUST004399,same_employer,0.541,true
CUST006993,CUST003675,same_employer,0.356,true
CUST009427,CUST008697,same_employer,0.513,true
CUST001240,CUST006211,same_employer,0.488,false
CUST002647,CUST003367,same_employer,0.505,true
CUST007141,CUST002874,same_employer,0.46,true
CUST009454,CUST005620,same_employer,0.326,true
CUST005158,CUST001014,same_employer,0.55,true
CUST007922,CUST002825,same_employer,0.361,false
CUST002158,CUST000649,same_employer,0.539,true
CUST004701,CUST003286,same_employer,0.389,true
CUST006122,CUST004075,same_employer,0.321,true
CUST000054,CUST001982,same_employer,0.464,true
CUST006695,CUST009257,same_employer,0.589,true
CUST009427,CUST002693,same_employer,0.363,true
CUST008204,CUST003493,same_employer,0.481,true
CUST003267,CUST009895,same_employer,0.487,true
CUST000400,CUST000054,same_employer,0.335,true
CUST005519,CUST000135,same_employer,0.321,true
CUST006472,CUST009827,same_employer,0.578,true
CUST001799,CUST001913,same_employer,0.343,true
CUST000385,CUST008271,same_employer,0.343,true
CUST000038,CUST008522,same_employer,0.346,true
CUST008481,CUST006179,same_employer,0.589,true
CUST002642,CUST003480,same_employer,0.446,true
CUST004400,CUST000123,same_employer,0.433,false
CUST009579,CUST006477,same_employer,0.37,true
CUST008461,CUST001223,same_employer,0.477,true
CUST002080,CUST008736,same_employer,0.549,true
CUST006838,CUST002757,same_employer,0.336,true
CUST009680,CUST001005,same_employer,0.535,true
CUST003250,CUST004546,same_employer,0.498,false
CUST009606,CUST003203,same_employer,0.38,true
CUST000464,CUST000403,same_employer,0.335,true
CUST007975,CUST006992,same_employer,0.412,true
CUST004865,CUST003925,same_employer,0.302,true
CUST008230,CUST007825,same_employer,0.554,false
CUST001052,CUST004892,same_employer,0.462,true
CUST006060,CUST003615,same_employer,0.553,true
CUST002907,CUST000507,same_employer,0.5,true
CUST002042,CUST000662,same_employer,0.379,true
CUST002620,CUST005139,same_employer,0.577,false
CUST001665,CUST006517,same_employer,0.412,true
CUST006698,CUST006999,same_employer,0.511,true
CUST009021,CUST004271,same_employer,0.589,false
CUST006778,CUST008123,same_employer,0.591,true
CUST003304,CUST009675,same_employer,0.555,false
CUST000266,CUST007532,same_employer,0.508,true
CUST008953,CUST009520,same_employer,0.312,true
CUST002014,CUST001062,same_employer,0.52,true
CUST006989,CUST004160,same_employer,0.398,true
CUST008483,CUST000883,same_employer,0.586,true
CUST000508,CUST007582,same_employer,0.484,true
CUST000787,CUST003327,same_employer,0.465,true
CUST004431,CUST003628,same_employer,0.331,false
CUST009567,CUST003824,same_employer,0.516,true
CUST006716,CUST000125,same_employer,0.415,true
CUST005244,CUST006002,same_employer,0.332,true
CUST007416,CUST009084,same_employer,0.374,true
CUST004456,CUST007764,same_employer,0.525,true
CUST000291,CUST009510,same_employer,0.47,true
CUST000794,CUST008550,same_employer,0.332,true
CUST003748,CUST006933,same_employer,0.511,false
CUST003048,CUST004773,same_employer,0.393,true
CUST008120,CUST000988,same_employer,0.398,true
CUST008145,CUST002646,same_employer,0.412,false
CUST001862,CUST002942,same_employer,0.318,true
CUST008452,CUST000571,same_employer,0.418,false
CUST001872,CUST005892,same_employer,0.322,true
CUST005097,CUST003409,same_employer,0.307,true
CUST009231,CUST004932,same_employer,0.542,true
CUST002446,CUST001699,same_employer,0.394,true
CUST007001,CUST003016,same_employer,0.372,false
CUST000776,CUST003571,same_employer,0.598,true
CUST001756,CUST000518,same_employer,0.44,true
CUST007115,CUST001362,same_employer,0.354,true
CUST008537,CUST009978,same_employer,0.411,true
CUST003211,CUST004966,same_employer,0.51,true
CUST009512,CUST001040,same_employer,0.315,false
CUST001279,CUST007872,same_employer,0.389,true
CUST003637,CUST002793,same_employer,0.436,true
CUST004077,CUST008590,same_employer,0.456,false
CUST002153,CUST004303,same_employer,0.556,true
CUST008632,CUST004458,same_employer,0.595,false
CUST007542,CUST006336,same_employer,0.393,true
CUST006128,CUST006194,same_employer,0.427,false
CUST003832,CUST003689,same_employer,0.347,true
CUST001756,CUST006480,same_employer,0.384,true
CUST001595,CUST003791,same_employer,0.349,false
CUST001539,CUST008396,same_employer,0.429,true
CUST002109,CUST004896,same_employer,0.553,true
CUST005867,CUST008275,same_employer,0.549,true
CUST006245,CUST005339,same_employer,0.511,true
CUST009826,CUST003500,same_employer,0.529,true
CUST003376,CUST004437,same_employer,0.359,true
CUST007388,CUST000640,same_employer,0.471,true
CUST001395,CUST002430,same_employer,0.349,false
CUST002798,CUST000029,same_employer,0.469,false
CUST008031,CUST001361,same_employer,0.378,true
CUST003846,CUST004296,same_employer,0.363,true
CUST002189,CUST005895,same_employer,0.407,true
CUST001729,CUST001768,same_employer,0.365,false
CUST007517,CUST008339,same_employer,0.392,true
CUST001740,CUST009816,same_employer,0.307,false
CUST002492,CUST005082,same_employer,0.347,true
CUST008814,CUST008260,same_employer,0.489,true
CUST007316,CUST004421,same_employer,0.384,true
CUST005437,CUST002206,same_employer,0.593,true
CUST009798,CUST005884,same_employer,0.303,true
CUST004356,CUST001484,same_employer,0.318,true
CUST009891,CUST000591,same_employer,0.381,false
CUST008090,CUST005189,same_employer,0.54,true
CUST006591,CUST004057,same_employer,0.578,true
CUST001642,CUST008632,same_employer,0.495,true
CUST006481,CUST000895,same_employer,0.54,true
CUST009682,CUST005764,same_employer,0.555,true
CUST005923,CUST000060,same_employer,0.302,true
CUST004993,CUST001477,same_employer,0.574,true
CUST005534,CUST008272,same_employer,0.404,true
CUST008396,CUST000794,same_employer,0.429,true
CUST007221,CUST009567,same_employer,0.566,true
CUST001934,CUST002786,same_employer,0.55,false
CUST002534,CUST005628,same_employer,0.451,true
CUST007969,CUST000760,same_employer,0.469,false
CUST003689,CUST004353,same_employer,0.496,true
CUST002022,CUST001009,same_employer,0.539,false
CUST005296,CUST006766,same_employer,0.489,true
CUST006612,CUST007966,same_employer,0.536,true
CUST003105,CUST005193,same_employer,0.376,true
CUST003557,CUST009525,same_employer,0.483,false
CUST002743,CUST004918,same_employer,0.561,false
CUST004035,CUST008695,same_employer,0.358,true
CUST001995,CUST009706,same_employer,0.411,false
CUST004184,CUST006249,same_employer,0.524,false
CUST006410,CUST004159,same_employer,0.528,true
CUST001176,CUST003263,same_employer,0.515,true
CUST009597,CUST004756,same_employer,0.433,true
CUST005222,CUST003279,same_employer,0.442,true
CUST006513,CUST008777,same_employer,0.514,true
CUST003760,CUST002846,same_employer,0.505,true
CUST007297,CUST004017,same_employer,0.334,true
CUST000762,CUST003770,same_employer,0.57,false
CUST003326,CUST001477,same_employer,0.439,true
CUST005941,CUST000910,same_employer,0.483,false
CUST009258,CUST004028,same_employer,0.588,true
CUST003834,CUST005899,same_employer,0.483,true
CUST008139,CUST008144,same_employer,0.479,true
CUST004392,CUST009428,same_employer,0.442,true
CUST003559,CUST009151,same_employer,0.479,false
CUST002072,CUST008707,same_employer,0.451,true
CUST001381,CUST001351,same_employer,0.497,true
CUST004271,CUST007351,same_employer,0.453,true
CUST003402,CUST007358,same_employer,0.545,false
CUST008744,CUST005814,same_employer,0.531,true
CUST002693,CUST009090,same_employer,0.533,true
CUST000208,CUST005590,same_employer,0.41,true
CUST008778,CUST000795,same_employer,0.36,true
CUST005252,CUST009198,same_employer,0.59,true
CUST006791,CUST005716,same_employer,0.373,true
CUST004049,CUST004016,same_employer,0.342,true
CUST008132,CUST003223,same_employer,0.322,true
CUST006405,CUST003167,same_employer,0.442,false
CUST008144,CUST009158,same_employer,0.391,true
CUST006510,CUST008300,same_employer,0.56,true
CUST007559,CUST007469,same_employer,0.464,true
CUST005107,CUST003451,same_employer,0.568,true
CUST003095,CUST009205,same_employer,0.431,false
CUST000126,CUST004748,same_employer,0.35,true
CUST007827,CUST005301,same_employer,0.332,true
CUST006255,CUST002749,same_employer,0.515,true
CUST008550,CUST009127,same_employer,0.317,true
CUST003684,CUST009705,same_employer,0.464,true
CUST004477,CUST006845,same_employer,0.59,true
CUST007688,CUST008177,same_employer,0.341,false
CUST001235,CUST004225,same_employer,0.454,true
CUST003907,CUST002174,same_employer,0.309,true
CUST005679,CUST009717,same_employer,0.367,true
CUST008121,CUST006838,same_employer,0.51,false
CUST004290,CUST009374,same_employer,0.533,true
CUST007077,CUST007085,same_employer,0.514,true
CUST001711,CUST003671,same_employer,0.397,true
CUST002138,CUST004557,same_employer,0.469,true
CUST003213,CUST001489,same_employer,0.594,true
CUST008077,CUST008859,same_employer,0.482,true
CUST007469,CUST008582,same_employer,0.57,true
CUST008208,CUST005777,same_employer,0.408,false
CUST008860,CUST004350,same_employer,0.409,true
CUST008351,CUST002892,same_employer,0.484,true
CUST007811,CUST004603,same_employer,0.471,false
CUST006513,CUST003211,same_employer,0.323,true
CUST006507,CUST002957,same_employer,0.534,true
CUST000912,CUST008464,same_employer,0.343,true
CUST005879,CUST004601,same_employer,0.379,true
CUST003181,CUST007685,same_employer,0.462,true
CUST003162,CUST000471,same_employer,0.536,true
CUST001305,CUST007771,same_employer,0.345,true
CUST009576,CUST000411,same_employer,0.567,false
CUST006465,CUST003885,same_employer,0.512,true
CUST008004,CUST004824,same_employer,0.375,false
CUST003684,CUST003321,same_employer,0.559,true
CUST009221,CUST005508,same_employer,0.571,false
CUST000953,CUST008892,same_employer,0.318,true
CUST000218,CUST002002,same_employer,0.43,false
CUST000215,CUST004580,same_employer,0.396,true
CUST002903,CUST001128,same_employer,0.388,true
CUST008771,CUST006323,same_employer,0.301,true
CUST000247,CUST002871,same_employer,0.384,false
CUST004320,CUST001669,same_employer,0.561,true
CUST008727,CUST002292,same_employer,0.533,true
CUST002318,CUST007855,same_employer,0.544,true
CUST003905,CUST000116,same_employer,0.482,true
CUST004428,CUST003535,same_employer,0.53,true
CUST004095,CUST004212,same_employer,0.592,false
CUST005400,CUST006025,same_employer,0.522,true
CUST008327,CUST005301,same_employer,0.451,true
CUST003672,CUST009891,same_employer,0.556,true
CUST001965,CUST004661,same_employer,0.355,true
CUST007212,CUST001373,same_employer,0.492,true
CUST006017,CUST002878,same_employer,0.503,true
CUST005524,CUST008539,same_employer,0.538,true
CUST008563,CUST003177,same_employer,0.418,true
CUST009252,CUST003846,same_employer,0.521,false
CUST003029,CUST009572,same_employer,0.421,false
CUST008158,CUST004927,same_employer,0.588,true
CUST009515,CUST006309,same_employer,0.535,false
CUST006641,CUST009770,same_employer,0.395,true
CUST005555,CUST004145,same_employer,0.39,true
CUST000965,CUST001724,same_employer,0.431,true
CUST002759,CUST001545,same_employer,0.504,true
CUST004888,CUST000577,same_employer,0.547,true
CUST001710,CUST007378,same_employer,0.335,true
CUST005328,CUST009895,same_employer,0.595,true
CUST002088,CUST002231,same_employer,0.404,true
CUST000456,CUST006870,same_employer,0.467,true
CUST007825,CUST003407,same_employer,0.595,false
CUST001362,CUST002237,same_employer,0.534,false
CUST003885,CUST008373,same_employer,0.397,true
CUST002932,CUST000916,same_employer,0.546,false
CUST005001,CUST006710,same_employer,0.463,true
CUST004136,CUST005438,same_employer,0.363,true
CUST005818,CUST003712,same_employer,0.38,true
CUST008392,CUST004994,same_employer,0.381,true
CUST008100,CUST009345,same_employer,0.494,false
CUST001675,CUST007652,same_employer,0.425,false
CUST009380,CUST009273,same_employer,0.321,true
CUST000085,CUST002131,same_employer,0.333,false
CUST006619,CUST001723,same_employer,0.562,true
CUST006681,CUST000526,same_employer,0.322,true
CUST002302,CUST004026,same_employer,0.516,true
CUST001666,CUST007496,same_employer,0.541,true
CUST006741,CUST005790,same_employer,0.49,true
CUST008574,CUST000576,same_employer,0.334,false
CUST001509,CUST005697,same_employer,0.314,true
CUST005032,CUST004147,same_employer,0.59,true
CUST006558,CUST006551,same_employer,0.514,false
CUST002618,CUST001339,same_employer,0.372,true
CUST003391,CUST003177,same_employer,0.41,true
CUST000912,CUST005892,same_employer,0.532,true
CUST008384,CUST002810,same_employer,0.473,true
CUST004267,CUST006465,same_employer,0.592,true
CUST006446,CUST000274,same_employer,0.576,true
CUST005715,CUST002793,same_employer,0.455,true
CUST003304,CUST000766,same_employer,0.563,true
CUST005814,CUST003312,same_employer,0.467,true
CUST009463,CUST007595,same_employer,0.469,true
CUST003990,CUST003846,same_employer,0.508,true
CUST009871,CUST004042,same_employer,0.599,false
CUST002577,CUST002861,same_employer,0.373,true
CUST000427,CUST006381,same_employer,0.583,false
CUST001174,CUST003694,same_employer,0.36,true
CUST005830,CUST005241,same_employer,0.471,false
CUST000272,CUST008602,same_employer,0.505,false
CUST001476,CUST006741,same_employer,0.518,true
CUST005339,CUST005776,same_employer,0.409,true
CUST003655,CUST007711,same_employer,0.382,true
CUST007414,CUST006284,same_employer,0.583,true
CUST002905,CUST006213,same_employer,0.473,true
CUST005292,CUST005559,same_employer,0.593,false
CUST003672,CUST002905,same_employer,0.506,false
CUST005211,CUST005870,same_employer,0.449,true
CUST005896,CUST002187,same_employer,0.437,true
CUST009079,CUST002677,same_employer,0.575,true
CUST000921,CUST003343,same_employer,0.554,false
CUST001549,CUST009317,same_employer,0.366,false
CUST000643,CUST003227,same_employer,0.58,true
CUST004016,CUST001907,same_employer,0.581,true
CUST005709,CUST008244,same_employer,0.329,true
CUST000735,CUST005474,same_employer,0.379,false
CUST003968,CUST000693,same_employer,0.473,true
CUST007394,CUST005482,same_employer,0.516,true
CUST009352,CUST004868,same_employer,0.34,true
CUST004788,CUST008574,same_employer,0.339,true
CUST006702,CUST003022,same_employer,0.358,true
CUST008718,CUST002030,same_employer,0.422,false
CUST009255,CUST008395,same_employer,0.311,true
CUST009026,CUST003129,same_employer,0.447,true
CUST008249,CUST003437,same_employer,0.501,true
CUST008724,CUST000339,same_employer,0.525,true
CUST005021,CUST003974,same_employer,0.333,false
CUST009264,CUST008576,same_employer,0.533,true
CUST001699,CUST008923,same_employer,0.479,true
CUST003149,CUST000204,same_employer,0.397,true
CUST000435,CUST005898,same_employer,0.518,false
CUST004698,CUST002316,same_employer,0.315,true
CUST008211,CUST006708,same_employer,0.462,true
CUST000611,CUST005270,same_employer,0.444,true
CUST005065,CUST000067,same_employer,0.585,true
CUST004340,CUST003570,same_employer,0.425,true
CUST008594,CUST001866,same_employer,0.395,true
CUST002458,CUST009100,same_employer,0.585,true
CUST006309,CUST000953,same_employer,0.366,true
CUST006572,CUST000221,same_employer,0.34,true
CUST007827,CUST005624,same_employer,0.313,true
CUST007650,CUST000877,same_employer,0.512,true
CUST006096,CUST008024,same_employer,0.568,true
CUST004949,CUST007840,same_employer,0.485,true
CUST004594,CUST008243,same_employer,0.422,false
CUST002173,CUST006619,same_employer,0.438,true
CUST005300,CUST009207,same_employer,0.535,true
CUST009519,CUST009581,same_employer,0.478,true
CUST008550,CUST008777,same_employer,0.359,false
CUST003936,CUST007583,same_employer,0.57,false
CUST006166,CUST008611,same_employer,0.517,true
CUST003326,CUST008892,same_employer,0.339,false
CUST005417,CUST004624,same_employer,0.496,true
CUST001190,CUST002873,same_employer,0.591,true
CUST005262,CUST005376,same_employer,0.548,false
CUST002681,CUST007797,same_employer,0.475,true
CUST002139,CUST001171,same_employer,0.581,true
CUST001723,CUST008507,same_employer,0.552,true
CUST006120,CUST008288,same_employer,0.594,true
CUST000710,CUST009132,same_employer,0.493,true
CUST001208,CUST000975,same_employer,0.365,true
CUST005671,CUST007834,same_employer,0.37,true
CUST007989,CUST004868,same_employer,0.324,true
CUST009017,CUST004016,same_employer,0.328,true
CUST009820,CUST000606,same_employer,0.457,true
CUST000239,CUST009955,same_employer,0.316,true
CUST009428,CUST000100,same_employer,0.309,false
CUST007601,CUST001350,same_employer,0.4,true
CUST009203,CUST001466,same_employer,0.3,true
CUST002566,CUST003601,same_employer,0.565,true
CUST002989,CUST003283,same_employer,0.527,true
CUST009137,CUST003688,same_employer,0.53,true
CUST003257,CUST004966,same_employer,0.506,true
CUST006267,CUST004465,same_employer,0.563,true
CUST001023,CUST000874,same_employer,0.409,true
CUST002172,CUST007704,same_employer,0.526,true
CUST003795,CUST005241,same_employer,0.56,false
CUST001966,CUST005526,same_employer,0.347,true
CUST004420,CUST002097,same_employer,0.483,true
CUST001480,CUST004551,same_employer,0.36,false
CUST009734,CUST008790,same_employer,0.543,true
CUST003185,CUST004061,same_employer,0.323,true
CUST007698,CUST002744,same_employer,0.468,true
CUST000031,CUST005885,same_employer,0.55,true
CUST008141,CUST009096,same_employer,0.3,true
CUST008982,CUST005823,same_employer,0.485,true
CUST000561,CUST007176,same_employer,0.321,true
CUST009374,CUST007885,same_employer,0.361,false
CUST007839,CUST008572,same_employer,0.547,true
CUST006040,CUST004650,same_employer,0.598,true
CUST003391,CUST007656,same_employer,0.376,true
CUST001539,CUST002089,same_employer,0.479,true
CUST004828,CUST009007,same_employer,0.506,false
CUST003129,CUST009515,same_employer,0.502,false
CUST002957,CUST004600,same_employer,0.487,true
CUST007600,CUST005780,same_employer,0.346,false
CUST006303,CUST003334,same_employer,0.3,false
CUST007362,CUST003791,same_employer,0.348,true
CUST003480,CUST002343,same_employer,0.591,false
CUST002112,CUST009293,same_employer,0.381,false
CUST007863,CUST005351,same_employer,0.462,true
CUST004800,CUST008707,same_employer,0.574,true
CUST009826,CUST005879,same_employer,0.518,true
CUST002699,CUST002187,same_employer,0.587,false
CUST007378,CUST006112,same_employer,0.455,true
CUST001231,CUST003342,same_employer,0.334,true
CUST001336,CUST007942,same_employer,0.557,true
CUST008984,CUST000235,same_employer,0.586,true
CUST000846,CUST008772,same_employer,0.371,true
CUST009728,CUST004602,same_employer,0.334,true
CUST008090,CUST008373,same_employer,0.503,true
CUST005049,CUST009493,same_employer,0.472,true
CUST006383,CUST007445,same_employer,0.388,true
CUST001562,CUST007389,same_employer,0.513,true
CUST006112,CUST001190,same_employer,0.59,true
CUST004409,CUST002619,same_employer,0.579,true
CUST006615,CUST009501,same_employer,0.433,true
CUST008466,CUST006241,same_employer,0.537,false
CUST009110,CUST009009,same_employer,0.524,true
CUST008379,CUST003727,same_employer,0.319,true
CUST009007,CUST002848,same_employer,0.341,false
CUST008718,CUST001933,same_employer,0.584,true
CUST007594,CUST004035,same_employer,0.413,false
CUST005331,CUST008070,same_employer,0.504,true
CUST003927,CUST007924,same_employer,0.437,true
CUST002817,CUST006022,same_employer,0.365,true
CUST003211,CUST008090,same_employer,0.423,true
CUST002413,CUST003500,same_employer,0.561,true
CUST008418,CUST001008,same_employer,0.553,true
CUST003763,CUST004311,same_employer,0.359,true
CUST006332,CUST002713,same_employer,0.546,true
CUST008116,CUST002060,same_employer,0.413,true
CUST009063,CUST002197,same_employer,0.534,false
CUST005781,CUST004182,same_employer,0.518,true
CUST004017,CUST000945,same_employer,0.548,true
CUST004367,CUST002274,same_employer,0.424,true
CUST008697,CUST000420,same_employer,0.327,true
CUST002706,CUST007636,same_employer,0.576,true
CUST006698,CUST008380,same_employer,0.497,true
CUST008359,CUST001292,same_employer,0.58,true
CUST008026,CUST005085,same_employer,0.496,false
CUST001346,CUST001203,same_employer,0.405,true
CUST005148,CUST006213,same_employer,0.585,true
CUST008674,CUST002177,same_employer,0.477,true
CUST002056,CUST003620,same_employer,0.407,true
CUST002446,CUST009786,same_employer,0.353,true
CUST002487,CUST005001,same_employer,0.376,true
CUST009526,CUST009455,same_employer,0.577,true
CUST005846,CUST009374,same_employer,0.376,true
CUST005979,CUST007062,same_employer,0.551,false
CUST002473,CUST005400,same_employer,0.418,true
CUST000277,CUST003176,same_employer,0.489,true
CUST006468,CUST004133,same_employer,0.439,true
CUST005830,CUST009471,same_employer,0.508,true
CUST008074,CUST005657,same_employer,0.41,true
CUST003132,CUST007919,same_employer,0.397,true
CUST001598,CUST001979,same_employer,0.508,false
CUST008710,CUST002401,same_employer,0.47,false
CUST002288,CUST003312,same_employer,0.48,true
CUST000309,CUST009640,same_employer,0.414,true
CUST009564,CUST001048,same_employer,0.583,true
CUST009670,CUST008735,same_employer,0.479,true
CUST009891,CUST004086,same_employer,0.373,true
CUST008090,CUST008619,same_employer,0.48,false
CUST003652,CUST005899,same_employer,0.314,false
CUST008916,CUST007820,same_employer,0.343,true
CUST002175,CUST008163,same_employer,0.539,false
CUST005792,CUST002692,same_employer,0.326,false
CUST005285,CUST002047,same_employer,0.378,true
CUST006371,CUST003615,same_employer,0.38,true
CUST007719,CUST002108,same_employer,0.453,true
CUST006512,CUST007681,same_employer,0.515,true
CUST004066,CUST005346,same_employer,0.428,true
CUST004914,CUST005927,same_employer,0.367,true
CUST005700,CUST008718,same_employer,0.379,false
CUST003273,CUST003752,same_employer,0.59,true
CUST001760,CUST006831,same_employer,0.562,false
CUST002542,CUST005892,same_employer,0.39,false
CUST009362,CUST007032,same_employer,0.594,true
CUST009957,CUST008702,same_employer,0.404,true
CUST001174,CUST001811,same_employer,0.41,true
CUST008287,CUST008177,same_employer,0.575,true
CUST008031,CUST000697,same_employer,0.492,true
CUST005343,CUST009231,same_employer,0.377,false
CUST002528,CUST000726,same_employer,0.411,true
CUST001762,CUST009242,same_employer,0.355,true
CUST004461,CUST002684,same_employer,0.49,true
CUST006738,CUST007109,same_employer,0.558,true
CUST006766,CUST009573,same_employer,0.571,true
CUST009738,CUST007685,same_employer,0.337,true
CUST005791,CUST009690,same_employer,0.53,true
CUST004854,CUST004179,same_employer,0.347,true
CUST005196,CUST001821,same_employer,0.517,true
CUST008998,CUST002282,same_employer,0.541,false
CUST003473,CUST005588,same_employer,0.458,true
CUST006333,CUST005887,same_employer,0.49,true
CUST007846,CUST002464,same_employer,0.522,true
CUST002450,CUST000760,same_employer,0.481,true
CUST004365,CUST006432,same_employer,0.446,true
CUST003381,CUST007745,same_employer,0.55,true
CUST005706,CUST003100,same_employer,0.303,true
CUST001391,CUST008141,same_employer,0.313,true
CUST001625,CUST002024,same_employer,0.529,true
CUST006265,CUST008746,same_employer,0.503,true
CUST005469,CUST007700,same_employer,0.384,false
CUST004621,CUST002155,same_employer,0.403,true
CUST003332,CUST008843,same_employer,0.431,false
CUST005926,CUST005226,same_employer,0.313,true
CUST005193,CUST003365,same_employer,0.484,true
CUST000213,CUST001875,same_employer,0.582,true
CUST003473,CUST007540,same_employer,0.466,true
CUST008568,CUST001917,same_employer,0.432,true
CUST004098,CUST004947,same_employer,0.468,true
CUST006938,CUST009410,same_employer,0.484,false
CUST003885,CUST004217,same_employer,0.447,true
CUST005241,CUST002067,same_employer,0.478,true
CUST005020,CUST008313,same_employer,0.487,false
CUST002504,CUST002361,same_employer,0.365,false
CUST002150,CUST004674,same_employer,0.312,true
CUST006145,CUST000310,same_employer,0.368,true
CUST004409,CUST008529,same_employer,0.336,true
CUST008889,CUST007931,same_employer,0.309,true
CUST003927,CUST002749,same_employer,0.58,false
CUST000608,CUST007703,same_employer,0.41,true
CUST006476,CUST008962,same_employer,0.42,false
CUST003190,CUST006581,same_employer,0.536,false
CUST001499,CUST004777,same_employer,0.493,false
CUST005055,CUST001477,same_employer,0.471,true
CUST003635,CUST004271,same_employer,0.339,true
CUST009009,CUST009576,same_employer,0.44,true
CUST008576,CUST002067,same_employer,0.521,true
CUST009409,CUST000264,same_employer,0.327,true
CUST001083,CUST004722,same_employer,0.411,true
CUST005616,CUST006158,same_employer,0.511,false
CUST008111,CUST003712,same_employer,0.553,false
CUST005496,CUST005516,same_employer,0.455,true
CUST003627,CUST008683,same_employer,0.309,true
CUST009967,CUST006935,same_employer,0.403,false
CUST008230,CUST004932,same_employer,0.539,true
CUST009397,CUST002179,same_employer,0.499,true
CUST000993,CUST007736,same_employer,0.371,true
CUST006709,CUST008353,same_employer,0.498,true
CUST008329,CUST006296,same_employer,0.599,true
CUST000420,CUST002693,same_employer,0.454,true
CUST008461,CUST005839,same_employer,0.405,false
CUST005166,CUST002345,same_employer,0.419,true
CUST006877,CUST004812,same_employer,0.511,false
CUST003037,CUST000383,same_employer,0.441,true
CUST000411,CUST005381,same_employer,0.418,true
CUST002861,CUST009730,same_employer,0.398,true
CUST002194,CUST008382,same_employer,0.45,true
CUST004008,CUST005908,same_employer,0.497,true
CUST001300,CUST002670,same_employer,0.454,true
CUST002137,CUST000326,same_employer,0.495,false
CUST000663,CUST006877,same_employer,0.355,true
CUST001737,CUST006294,same_employer,0.368,false
CUST003871,CUST009187,same_employer,0.428,true
CUST004007,CUST000372,same_employer,0.588,true
CUST006579,CUST008644,same_employer,0.582,true
CUST002589,CUST003418,same_employer,0.395,true
CUST003875,CUST001654,same_employer,0.561,true
CUST005275,CUST003485,same_employer,0.322,false
CUST009607,CUST008457,same_employer,0.463,false
CUST002697,CUST004231,same_employer,0.365,false
CUST005836,CUST003437,same_employer,0.346,true
CUST004685,CUST003281,same_employer,0.565,true
CUST002759,CUST002157,same_employer,0.379,true
CUST003359,CUST001740,same_employer,0.511,false
CUST002067,CUST006782,same_employer,0.489,false
CUST009448,CUST002441,same_employer,0.545,true
CUST009181,CUST006933,same_employer,0.329,true
CUST002765,CUST003864,same_employer,0.43,true
CUST000682,CUST007173,same_employer,0.493,true
CUST004411,CUST002166,same_employer,0.328,true
CUST003914,CUST008462,same_employer,0.586,true
CUST004377,CUST001504,same_employer,0.376,true
CUST000100,CUST005535,same_employer,0.417,false
CUST003693,CUST005771,same_employer,0.583,true
CUST007061,CUST002569,same_employer,0.517,true
CUST003359,CUST005685,same_employer,0.382,true
CUST007609,CUST004700,same_employer,0.563,true
CUST008247,CUST002413,same_employer,0.545,true
CUST008422,CUST007850,same_employer,0.544,true
CUST005154,CUST005465,same_employer,0.385,true
CUST005775,CUST007871,same_employer,0.327,true
CUST003306,CUST006231,same_employer,0.551,false
CUST005164,CUST002067,same_employer,0.535,true
CUST001615,CUST006846,same_employer,0.394,true
CUST007835,CUST005892,same_employer,0.562,true
CUST008052,CUST009991,same_employer,0.412,true
CUST000912,CUST002542,same_employer,0.555,false
CUST003692,CUST006876,same_employer,0.33,false
CUST008384,CUST005930,same_employer,0.416,false
CUST004625,CUST001609,same_employer,0.403,true
CUST004345,CUST008190,same_employer,0.311,true
CUST001929,CUST004021,same_employer,0.559,true
CUST006778,CUST009460,same_employer,0.42,true
CUST000021,CUST000654,same_employer,0.377,true
CUST008182,CUST001160,same_employer,0.342,false
CUST003714,CUST005415,same_employer,0.589,false
CUST002752,CUST001151,same_employer,0.591,true
CUST005469,CUST007029,same_employer,0.347,true
CUST000036,CUST000786,same_employer,0.505,true
CUST002631,CUST006275,same_employer,0.52,true
CUST009063,CUST007489,same_employer,0.307,true
CUST005731,CUST003569,same_employer,0.556,true
CUST001019,CUST006871,same_employer,0.447,true
CUST004987,CUST006922,same_employer,0.555,true
CUST002128,CUST006784,same_employer,0.31,true
CUST008396,CUST002089,same_employer,0.366,true
CUST000169,CUST003297,same_employer,0.551,true
CUST001214,CUST005159,same_employer,0.418,true
CUST000176,CUST009382,same_employer,0.513,true
CUST002829,CUST000766,same_employer,0.534,true
CUST006303,CUST000975,same_employer,0.407,true
CUST007451,CUST005208,same_employer,0.525,true
CUST009004,CUST007242,same_employer,0.49,true
CUST007846,CUST002747,same_employer,0.453,false
CUST006194,CUST008153,same_employer,0.483,true
CUST007444,CUST007467,same_employer,0.596,true
CUST006610,CUST005250,same_employer,0.475,true
CUST003225,CUST007541,same_employer,0.524,true
CUST006513,CUST008226,same_employer,0.556,false
CUST001765,CUST007600,same_employer,0.318,true
CUST009773,CUST007858,same_employer,0.332,true
CUST003327,CUST003675,same_employer,0.358,false
CUST009260,CUST000655,same_employer,0.437,true
CUST000928,CUST003201,same_employer,0.461,false
CUST001539,CUST002287,same_employer,0.466,true
CUST006175,CUST008300,same_employer,0.598,true
CUST008523,CUST003895,same_employer,0.379,true
CUST005164,CUST008771,same_employer,0.369,true
CUST009142,CUST000175,same_employer,0.426,true
CUST005830,CUST001208,same_employer,0.433,true
CUST009855,CUST003930,same_employer,0.413,true
CUST000921,CUST004674,same_employer,0.525,true
CUST003823,CUST005792,same_employer,0.34,false
CUST005108,CUST006285,same_employer,0.39,true
CUST008983,CUST008545,same_employer,0.438,true
CUST003745,CUST007243,same_employer,0.457,true
CUST000134,CUST004350,same_employer,0.43,true
CUST007087,CUST000593,same_employer,0.403,true
CUST003650,CUST008034,same_employer,0.59,true
CUST001183,CUST005026,same_employer,0.559,false
CUST000640,CUST006472,same_employer,0.417,true
CUST008521,CUST006309,same_employer,0.424,true
CUST000167,CUST008298,same_employer,0.465,true
CUST004306,CUST004562,same_employer,0.549,true
CUST004008,CUST004820,same_employer,0.37,true
CUST005374,CUST004566,same_employer,0.309,true
CUST007062,CUST007983,same_employer,0.345,true
CUST005234,CUST001193,same_employer,0.482,true
CUST002982,CUST009018,same_employer,0.413,true
CUST008576,CUST005926,same_employer,0.3,false
CUST004267,CUST006791,same_employer,0.589,false
CUST008536,CUST009642,same_employer,0.449,true
CUST007485,CUST004007,same_employer,0.453,false
CUST004999,CUST001748,same_employer,0.578,true
CUST001747,CUST008379,same_employer,0.589,true
CUST000206,CUST003211,same_employer,0.462,true
CUST003645,CUST000669,same_employer,0.51,true
CUST005644,CUST007076,same_employer,0.582,true
CUST006481,CUST000430,same_employer,0.534,true
CUST003422,CUST005140,same_employer,0.564,true
CUST008570,CUST008230,same_employer,0.587,true
CUST006924,CUST002029,same_employer,0.549,true
CUST007213,CUST001979,same_employer,0.598,true
CUST002102,CUST002690,same_employer,0.467,true
CUST003416,CUST008671,same_employer,0.355,true
CUST008763,CUST002934,same_employer,0.477,true
CUST001554,CUST008239,same_employer,0.529,true
CUST007855,CUST003129,same_employer,0.508,false
CUST004572,CUST009137,same_employer,0.379,true
CUST009304,CUST007048,same_employer,0.523,true
CUST004373,CUST006793,same_employer,0.305,false
CUST003795,CUST008445,same_employer,0.556,true
CUST003094,CUST004856,same_employer,0.512,false
CUST002306,CUST002921,same_employer,0.515,true
CUST003618,CUST005946,same_employer,0.569,true
CUST001756,CUST006371,same_employer,0.447,true
CUST004538,CUST005706,same_employer,0.381,true
CUST006774,CUST008716,same_employer,0.457,true
CUST004086,CUST007099,same_employer,0.304,true
CUST000947,CUST002336,same_employer,0.44,false
CUST006468,CUST002601,same_employer,0.579,false
CUST007949,CUST004606,same_employer,0.544,true
CUST000915,CUST000975,same_employer,0.379,true
CUST006838,CUST002819,same_employer,0.435,true
CUST004700,CUST002406,same_employer,0.381,true
CUST009440,CUST009287,same_employer,0.349,false
CUST009398,CUST007339,same_employer,0.428,false
CUST003530,CUST009921,same_employer,0.517,true
CUST007168,CUST004803,same_employer,0.416,true
CUST008285,CUST009211,same_employer,0.585,true
CUST008119,CUST000443,same_employer,0.548,true
CUST009280,CUST009119,same_employer,0.389,true
CUST003921,CUST003571,same_employer,0.504,true
CUST003326,CUST005830,same_employer,0.598,false
CUST004351,CUST007865,same_employer,0.441,false
CUST001555,CUST009046,same_employer,0.31,true
CUST009940,CUST008230,same_employer,0.393,true
CUST000408,CUST003976,same_employer,0.414,false
CUST005753,CUST007982,same_employer,0.438,true
CUST003824,CUST008243,same_employer,0.554,true
CUST005093,CUST006060,same_employer,0.34,true
CUST007093,CUST009705,same_employer,0.594,true
CUST005691,CUST002558,same_employer,0.491,false
CUST003058,CUST001512,same_employer,0.318,true
CUST004244,CUST005129,same_employer,0.316,true
CUST004575,CUST009891,same_employer,0.483,true
CUST004886,CUST009138,same_employer,0.357,false
CUST000782,CUST003167,same_employer,0.588,false
CUST005197,CUST002544,same_employer,0.535,false
CUST005398,CUST003742,same_employer,0.596,true
CUST004367,CUST009276,same_employer,0.519,true
CUST000307,CUST004643,same_employer,0.49,true
CUST002647,CUST002934,same_employer,0.496,false
CUST002027,CUST007769,same_employer,0.402,true
CUST000472,CUST008596,same_employer,0.41,false
CUST007767,CUST002205,same_employer,0.502,false
CUST004599,CUST009198,same_employer,0.367,true
CUST004634,CUST004477,same_employer,0.475,false
CUST007486,CUST003672,same_employer,0.584,true
CUST007177,CUST004632,same_employer,0.456,true
CUST003535,CUST007389,same_employer,0.363,true
CUST002530,CUST003687,same_employer,0.456,true
CUST002726,CUST000795,same_employer,0.587,true
CUST001723,CUST001392,same_employer,0.463,true
CUST006213,CUST004575,same_employer,0.319,true
CUST009626,CUST003934,same_employer,0.586,true
CUST000591,CUST007540,same_employer,0.328,true
CUST007730,CUST005084,same_employer,0.584,true
CUST004455,CUST001160,same_employer,0.43,false
CUST004465,CUST008897,same_employer,0.336,true
CUST009201,CUST002542,same_employer,0.526,false
CUST009872,CUST009405,same_employer,0.359,false
CUST006623,CUST009734,same_employer,0.345,false
CUST006637,CUST007793,same_employer,0.433,true
CUST008373,CUST008226,same_employer,0.358,true
CUST000402,CUST007167,same_employer,0.495,false
CUST008203,CUST003484,same_employer,0.564,false
CUST001286,CUST003518,same_employer,0.575,true
CUST002302,CUST008163,same_employer,0.559,true
CUST007323,CUST007871,same_employer,0.452,true
CUST007594,CUST008032,same_employer,0.485,true
CUST005934,CUST006992,same_employer,0.494,true
CUST007871,CUST003798,same_employer,0.596,true
CUST001723,CUST005314,same_employer,0.312,true
CUST000280,CUST009020,same_employer,0.55,true
CUST000055,CUST007700,same_employer,0.488,true
CUST003867,CUST002757,same_employer,0.597,false
CUST003283,CUST000074,same_employer,0.384,true
CUST001604,CUST000501,same_employer,0.506,false
CUST001260,CUST005047,same_employer,0.334,false
CUST005510,CUST002675,same_employer,0.593,false
CUST003558,CUST001609,same_employer,0.437,true
CUST003704,CUST009940,same_employer,0.457,true
CUST006332,CUST008869,same_employer,0.335,true
CUST005471,CUST000489,same_employer,0.374,true
CUST008786,CUST001600,same_employer,0.347,false
CUST006178,CUST009736,same_employer,0.396,true
CUST001466,CUST006478,same_employer,0.3,false
CUST001121,CUST005679,same_employer,0.377,true
CUST005834,CUST004542,same_employer,0.311,true
CUST005879,CUST008736,same_employer,0.313,false
CUST006465,CUST003615,same_employer,0.394,true
CUST002311,CUST006472,same_employer,0.485,false
CUST003053,CUST002021,same_employer,0.472,true
CUST007336,CUST000052,same_employer,0.341,false
CUST005210,CUST000171,same_employer,0.518,true
CUST004300,CUST002373,same_employer,0.598,true
CUST004514,CUST005454,same_employer,0.38,true
CUST003652,CUST008464,same_employer,0.547,true
CUST007322,CUST009817,same_employer,0.573,true
CUST002166,CUST002639,same_employer,0.306,true
CUST001512,CUST008090,same_employer,0.566,false
CUST008338,CUST007053,same_employer,0.408,false
CUST009816,CUST001354,same_employer,0.325,true
CUST000975,CUST008445,same_employer,0.513,false
CUST006551,CUST000061,same_employer,0.58,true
CUST006738,CUST000469,same_employer,0.519,true
CUST000872,CUST001292,same_employer,0.496,true
CUST007007,CUST002705,same_employer,0.38,true
CUST009331,CUST006284,same_employer,0.308,true
CUST003118,CUST006510,same_employer,0.376,true
CUST006980,CUST009544,same_employer,0.384,true
CUST003708,CUST007826,same_employer,0.358,true
CUST000953,CUST009158,same_employer,0.357,true
CUST002406,CUST007316,same_employer,0.385,false
CUST000522,CUST007316,same_employer,0.495,true
CUST002228,CUST004438,same_employer,0.444,false
CUST006991,CUST003732,same_employer,0.482,true
CUST008753,CUST004257,same_employer,0.318,true
CUST004556,CUST004429,same_employer,0.518,true
CUST004086,CUST009132,same_employer,0.464,true
CUST009533,CUST005481,same_employer,0.498,true
CUST004789,CUST005061,same_employer,0.599,true
CUST001901,CUST004725,same_employer,0.504,false
CUST009579,CUST009129,same_employer,0.384,false
CUST002448,CUST004729,same_employer,0.379,true
CUST008022,CUST002240,same_employer,0.492,false
CUST000255,CUST005679,same_employer,0.587,true
CUST001620,CUST008546,same_employer,0.487,true
CUST002240,CUST002835,same_employer,0.522,false
CUST009579,CUST002697,same_employer,0.525,false
CUST009090,CUST000581,same_employer,0.396,true
CUST001872,CUST002699,same_employer,0.532,true
CUST008755,CUST002361,same_employer,0.458,false
CUST001922,CUST009640,same_employer,0.305,true
CUST008550,CUST006060,same_employer,0.309,false
CUST002874,CUST001297,same_employer,0.548,true
CUST004966,CUST004267,same_employer,0.522,false
CUST000953,CUST005055,same_employer,0.384,true
CUST005872,CUST003750,same_employer,0.591,true
CUST001892,CUST007527,same_employer,0.542,false
CUST003727,CUST006643,same_employer,0.455,false
CUST002272,CUST008955,same_employer,0.447,true
CUST004664,CUST008601,same_employer,0.515,true
CUST008249,CUST009766,same_employer,0.585,false
CUST005632,CUST005001,same_employer,0.468,true
CUST005768,CUST004909,same_employer,0.518,false
CUST000395,CUST006340,same_employer,0.429,true
CUST003889,CUST001310,same_employer,0.541,true
CUST003852,CUST008016,same_employer,0.515,true
CUST003260,CUST001994,same_employer,0.378,true
CUST005828,CUST000590,same_employer,0.595,true
CUST001588,CUST006766,same_employer,0.465,true
CUST002619,CUST001462,same_employer,0.45,true
CUST009643,CUST003577,same_employer,0.383,false
CUST000165,CUST008372,same_employer,0.421,true
CUST000905,CUST002002,same_employer,0.554,true
CUST009079,CUST004768,same_employer,0.491,false
CUST008624,CUST005953,same_employer,0.508,false
CUST009255,CUST003687,same_employer,0.321,true
CUST008736,CUST008230,same_employer,0.331,false
CUST009077,CUST000082,same_employer,0.421,true
CUST004742,CUST002523,same_employer,0.471,true
CUST003260,CUST005223,same_employer,0.502,true
CUST003474,CUST005278,same_employer,0.475,true
CUST002874,CUST003802,same_employer,0.419,false
CUST008217,CUST007117,same_employer,0.588,false
CUST001847,CUST008356,same_employer,0.396,true
CUST008805,CUST004839,same_employer,0.436,true
CUST004448,CUST008812,same_employer,0.317,true
CUST006382,CUST006811,same_employer,0.46,true
CUST009484,CUST000726,same_employer,0.421,true
CUST005541,CUST000608,same_employer,0.497,true
CUST003155,CUST005269,same_employer,0.377,true
CUST003607,CUST009262,same_employer,0.462,true
CUST008069,CUST001462,same_employer,0.599,false
CUST009145,CUST009642,same_employer,0.303,true
CUST008061,CUST002320,same_employer,0.397,true
CUST008323,CUST001836,same_employer,0.432,true
CUST004420,CUST009651,same_employer,0.327,false
CUST001381,CUST004166,same_employer,0.41,true
CUST006000,CUST002960,same_employer,0.545,true
CUST006369,CUST009990,same_employer,0.36,true
CUST008251,CUST005656,same_employer,0.418,true
CUST007675,CUST004667,same_employer,0.473,true
CUST005400,CUST005947,same_employer,0.314,true
CUST001513,CUST000536,same_employer,0.36,false
CUST007967,CUST005061,same_employer,0.592,true
CUST002917,CUST009229,same_employer,0.455,true
CUST007272,CUST008445,same_employer,0.391,true
CUST004570,CUST009787,same_employer,0.587,true
CUST003277,CUST008859,same_employer,0.334,false
CUST004729,CUST004035,same_employer,0.313,true
CUST005760,CUST008324,same_employer,0.421,false
CUST002317,CUST007924,same_employer,0.438,true
CUST007240,CUST009309,same_employer,0.564,false
CUST008893,CUST006027,same_employer,0.555,true
CUST001873,CUST007295,same_employer,0.459,true
CUST000751,CUST008445,same_employer,0.594,true
CUST000343,CUST008300,same_employer,0.576,true
CUST006175,CUST007070,same_employer,0.576,true
CUST005766,CUST003454,same_employer,0.502,true
CUST007161,CUST007360,same_employer,0.325,true
CUST002563,CUST009126,same_employer,0.51,true
CUST006913,CUST008271,same_employer,0.377,true
CUST003932,CUST003100,same_employer,0.438,false
CUST001501,CUST002961,same_employer,0.313,true
CUST008619,CUST007425,same_employer,0.344,true
CUST009813,CUST008547,same_employer,0.599,true
CUST006521,CUST002445,same_employer,0.316,false
CUST007732,CUST002755,same_employer,0.365,true
CUST004698,CUST002187,same_employer,0.484,true
CUST006717,CUST001419,same_employer,0.322,true
CUST008756,CUST007196,same_employer,0.516,false
CUST009006,CUST001533,same_employer,0.314,true
CUST000567,CUST002627,same_employer,0.551,true
CUST000777,CUST006877,same_employer,0.594,true
CUST009467,CUST002380,same_employer,0.483,false
CUST003039,CUST001190,same_employer,0.474,false
CUST005004,CUST008852,same_employer,0.358,true
CUST005744,CUST005651,same_employer,0.517,true
CUST003015,CUST003727,same_employer,0.562,true
CUST002445,CUST005014,same_employer,0.346,true
CUST008846,CUST009070,same_employer,0.539,false
CUST008243,CUST004086,same_employer,0.371,true
CUST006601,CUST007668,same_employer,0.344,true
CUST007959,CUST006587,same_employer,0.479,false
CUST005747,CUST000315,same_employer,0.308,true
CUST002217,CUST007430,same_employer,0.317,true
CUST001577,CUST000115,same_employer,0.53,true
CUST007932,CUST003540,same_employer,0.578,true
CUST004067,CUST004343,same_employer,0.556,false
CUST003845,CUST006835,same_employer,0.535,true
CUST007526,CUST004286,same_employer,0.591,true
CUST005688,CUST005904,same_employer,0.503,true
CUST006688,CUST008521,same_employer,0.31,true
CUST006156,CUST004966,same_employer,0.383,true
CUST008715,CUST005380,same_employer,0.437,true
CUST001935,CUST002089,same_employer,0.577,true
CUST000545,CUST006800,same_employer,0.568,true
CUST008039,CUST001663,same_employer,0.577,true
CUST001005,CUST003530,same_employer,0.51,true
CUST006048,CUST000002,same_employer,0.314,false
CUST009129,CUST001959,same_employer,0.519,true
CUST006221,CUST000026,same_employer,0.326,false
CUST003222,CUST006739,same_employer,0.341,true
CUST005241,CUST008771,same_employer,0.355,true
CUST005609,CUST001704,same_employer,0.308,true
CUST003008,CUST003911,same_employer,0.413,true
CUST008313,CUST007141,same_employer,0.502,true
CUST003841,CUST009258,same_employer,0.303,true
CUST007813,CUST005417,same_employer,0.483,true
CUST005834,CUST006128,same_employer,0.564,true
CUST000738,CUST003592,same_employer,0.319,true
CUST007150,CUST001635,same_employer,0.32,true
CUST003328,CUST002437,same_employer,0.36,true
CUST005899,CUST003100,same_employer,0.448,false
CUST009449,CUST009176,same_employer,0.5,true
CUST002885,CUST007685,same_employer,0.577,true
CUST004861,CUST003363,same_employer,0.336,false
CUST001878,CUST004729,same_employer,0.311,true
CUST004752,CUST009016,same_employer,0.419,false
CUST005349,CUST006877,same_employer,0.497,true
CUST008200,CUST001342,same_employer,0.541,true
CUST000893,CUST004146,same_employer,0.357,true
CUST003277,CUST004575,same_employer,0.597,true
CUST000086,CUST005814,same_employer,0.468,false
CUST001119,CUST002102,same_employer,0.576,true
CUST009264,CUST001477,same_employer,0.438,true
CUST007425,CUST009127,same_employer,0.537,true
CUST006841,CUST005116,same_employer,0.523,false
CUST003448,CUST000846,same_employer,0.408,true
CUST003519,CUST004308,same_employer,0.336,false
CUST004326,CUST001661,same_employer,0.553,true
CUST004725,CUST004650,same_employer,0.552,false
CUST009829,CUST006914,same_employer,0.508,true
CUST004868,CUST005164,same_employer,0.506,true
CUST008682,CUST001277,same_employer,0.375,true
CUST002472,CUST000911,same_employer,0.308,true
CUST007674,CUST005557,same_employer,0.54,true
CUST005411,CUST003824,same_employer,0.542,false
CUST006499,CUST006840,same_employer,0.338,true
CUST003652,CUST002047,same_employer,0.353,false
CUST004983,CUST004133,same_employer,0.384,true
CUST002875,CUST004734,same_employer,0.514,true
CUST007383,CUST003648,same_employer,0.307,false
CUST004566,CUST001800,same_employer,0.505,true
CUST006550,CUST000954,same_employer,0.379,true
CUST006088,CUST004129,same_employer,0.48,true
CUST004408,CUST004213,same_employer,0.543,false
CUST004348,CUST008627,same_employer,0.378,true
CUST000833,CUST003969,same_employer,0.541,false
CUST006763,CUST002150,same_employer,0.347,true
CUST005014,CUST004399,same_employer,0.376,false
CUST004291,CUST008901,same_employer,0.302,false
CUST006831,CUST008068,same_employer,0.586,true
CUST001598,CUST001723,same_employer,0.313,true
CUST006723,CUST003577,same_employer,0.417,false
CUST007027,CUST002561,same_employer,0.446,true
CUST005868,CUST003529,same_employer,0.552,true
CUST007201,CUST007378,same_employer,0.33,true
CUST000591,CUST009132,same_employer,0.523,false
CUST002042,CUST007688,same_employer,0.452,true
CUST008936,CUST007332,same_employer,0.389,true
CUST007984,CUST009306,same_employer,0.507,true
CUST007576,CUST003913,same_employer,0.537,true
CUST003118,CUST000591,same_employer,0.574,true
CUST008445,CUST008144,same_employer,0.425,true
CUST001869,CUST003300,same_employer,0.506,true
CUST006323,CUST009026,same_employer,0.366,true
CUST001549,CUST009123,same_employer,0.544,true
CUST002097,CUST004566,same_employer,0.593,true
CUST005896,CUST009665,same_employer,0.531,true
CUST000693,CUST004420,same_employer,0.541,true
CUST001463,CUST004147,same_employer,0.498,false
CUST003604,CUST006080,same_employer,0.567,true
CUST009252,CUST005814,same_employer,0.575,false
CUST008124,CUST003434,same_employer,0.45,false
CUST007057,CUST003867,same_employer,0.577,true
CUST008306,CUST006444,same_employer,0.552,true
CUST002604,CUST009078,same_employer,0.444,false
CUST002182,CUST004561,same_employer,0.485,true
CUST001356,CUST001253,same_employer,0.368,true
CUST009606,CUST007614,same_employer,0.406,true
CUST004915,CUST004206,same_employer,0.387,true
CUST004217,CUST000177,same_employer,0.386,true
CUST001592,CUST005163,same_employer,0.46,true
CUST009302,CUST002859,same_employer,0.539,true
CUST004656,CUST008235,same_employer,0.53,true
CUST007831,CUST005449,same_employer,0.491,true
CUST002257,CUST007821,same_employer,0.486,false
CUST001161,CUST007364,same_employer,0.392,false
CUST004179,CUST003222,same_employer,0.447,true
CUST004786,CUST006111,same_employer,0.599,true
CUST009350,CUST005244,same_employer,0.508,true
CUST001683,CUST007047,same_employer,0.358,false
CUST003398,CUST003482,same_employer,0.587,false
CUST003059,CUST003635,same_employer,0.522,true
CUST002030,CUST001018,same_employer,0.453,true
CUST004538,CUST008538,same_employer,0.368,false
CUST001206,CUST003222,same_employer,0.418,false
CUST008602,CUST007828,same_employer,0.386,false
CUST004460,CUST003203,same_employer,0.38,true
CUST001172,CUST006999,same_employer,0.493,true
CUST000397,CUST000038,same_employer,0.566,true
CUST001806,CUST000100,same_employer,0.352,true
CUST004961,CUST006922,same_employer,0.481,true
CUST004685,CUST001645,same_employer,0.593,true
CUST006791,CUST004732,same_employer,0.389,true
CUST002798,CUST006207,same_employer,0.403,true
CUST004136,CUST000483,same_employer,0.422,false
CUST006200,CUST001029,same_employer,0.542,true
CUST008226,CUST009573,same_employer,0.549,true
CUST002521,CUST001795,same_employer,0.458,false
CUST006354,CUST004989,same_employer,0.328,true
CUST000896,CUST008664,same_employer,0.485,false
CUST007704,CUST000718,same_employer,0.342,true
CUST005809,CUST006817,same_employer,0.589,false
CUST001539,CUST005093,same_employer,0.357,true
CUST005814,CUST003023,same_employer,0.359,false
CUST008484,CUST009950,same_employer,0.597,true
CUST005720,CUST000954,same_employer,0.421,true
CUST000518,CUST004267,same_employer,0.321,true
CUST005592,CUST003517,same_employer,0.352,true
CUST009294,CUST003789,same_employer,0.449,true
CUST005863,CUST004006,same_employer,0.529,false
CUST001644,CUST000881,same_employer,0.54,true
CUST002158,CUST009824,same_employer,0.52,true
CUST009753,CUST006765,same_employer,0.437,false
CUST002178,CUST009935,same_employer,0.527,false
CUST001922,CUST007019,same_employer,0.373,true
CUST009512,CUST005711,same_employer,0.558,true
CUST001223,CUST005585,same_employer,0.546,false
CUST004606,CUST000032,same_employer,0.354,true
CUST006439,CUST001224,same_employer,0.478,true
CUST004345,CUST006838,same_employer,0.49,true
CUST007214,CUST005711,same_employer,0.365,true
CUST000758,CUST009685,same_employer,0.495,true
CUST003301,CUST000052,same_employer,0.55,true
CUST007074,CUST009434,same_employer,0.307,true
CUST001371,CUST002596,same_employer,0.589,true
CUST008983,CUST007722,same_employer,0.366,true
CUST005852,CUST007984,same_employer,0.424,true
CUST003067,CUST004759,same_employer,0.559,true
CUST000727,CUST005969,same_employer,0.326,true
CUST006055,CUST005347,same_employer,0.397,true
CUST009478,CUST007782,same_employer,0.321,true
CUST002028,CUST006763,same_employer,0.58,true
CUST003257,CUST008226,same_employer,0.337,true
CUST000254,CUST007233,same_employer,0.426,true
CUST002700,CUST006625,same_employer,0.515,true
CUST001018,CUST000794,same_employer,0.556,true
CUST009127,CUST000177,same_employer,0.475,false
CUST006091,CUST000587,same_employer,0.51,true
CUST002641,CUST008036,same_employer,0.372,false
CUST004993,CUST005164,same_employer,0.442,true
CUST005440,CUST001120,same_employer,0.301,true
CUST006746,CUST007416,same_employer,0.519,false
CUST004999,CUST000049,same_employer,0.569,true
CUST003235,CUST002506,same_employer,0.548,true
CUST007318,CUST006819,same_employer,0.428,false
CUST000179,CUST004159,same_employer,0.535,true
CUST005378,CUST001904,same_employer,0.348,true
CUST005034,CUST005018,same_employer,0.33,false
CUST000518,CUST001935,same_employer,0.398,true
CUST008128,CUST005134,same_employer,0.457,true
CUST009397,CUST008669,same_employer,0.473,true
CUST007593,CUST002021,same_employer,0.403,false
CUST005855,CUST005979,same_employer,0.441,false
CUST000430,CUST000082,same_employer,0.33,false
CUST002109,CUST009770,same_employer,0.558,true
CUST006688,CUST001698,same_employer,0.464,true
CUST002119,CUST001593,same_employer,0.47,false
CUST004983,CUST003791,same_employer,0.391,true
CUST006277,CUST008134,same_employer,0.356,true
CUST008188,CUST000650,same_employer,0.533,true
CUST005685,CUST009428,same_employer,0.432,true
CUST004242,CUST002827,same_employer,0.538,true
CUST001236,CUST007781,same_employer,0.426,true
CUST008738,CUST004143,same_employer,0.438,true
CUST000669,CUST003314,same_employer,0.309,true
CUST004998,CUST008606,same_employer,0.416,true
CUST003391,CUST006489,same_employer,0.436,true
CUST005730,CUST008039,same_employer,0.378,false
CUST001555,CUST007675,same_employer,0.569,false
CUST008327,CUST008593,same_employer,0.353,true
CUST009562,CUST009471,same_employer,0.393,false
CUST007662,CUST008166,same_employer,0.385,true
CUST001921,CUST008127,same_employer,0.392,true
CUST007510,CUST000917,same_employer,0.412,true
CUST001882,CUST005699,same_employer,0.367,true
CUST005436,CUST002487,same_employer,0.335,true
CUST008408,CUST004511,same_employer,0.407,true
CUST001613,CUST003042,same_employer,0.416,true
CUST003606,CUST009060,same_employer,0.53,true
CUST002749,CUST006279,same_employer,0.597,true
CUST001964,CUST000330,same_employer,0.304,true
CUST004959,CUST003692,same_employer,0.482,true
CUST004252,CUST000902,same_employer,0.453,true
CUST008503,CUST009090,same_employer,0.309,true
CUST001492,CUST000697,same_employer,0.445,false
CUST005699,CUST004599,same_employer,0.399,true
CUST002643,CUST007862,same_employer,0.461,true
CUST006752,CUST000119,same_employer,0.541,true
CUST005562,CUST002237,same_employer,0.557,true
CUST008028,CUST002006,same_employer,0.528,true
CUST004377,CUST003572,same_employer,0.372,true
CUST007224,CUST008941,same_employer,0.306,true
CUST006243,CUST004405,same_employer,0.56,true
CUST002067,CUST006309,same_employer,0.409,false
CUST005525,CUST004907,same_employer,0.301,false
CUST003824,CUST007331,same_employer,0.447,true
CUST003058,CUST008217,same_employer,0.566,true
CUST001421,CUST008679,same_employer,0.571,true
CUST008991,CUST005410,same_employer,0.333,true
CUST006096,CUST006459,same_employer,0.527,false
CUST005938,CUST005104,same_employer,0.315,true
CUST008065,CUST007378,same_employer,0.357,true
CUST007165,CUST003847,same_branch,0.339,true
CUST003707,CUST005109,same_branch,0.203,false
CUST004991,CUST001094,same_branch,0.107,false
CUST009341,CUST000591,same_branch,0.273,true
CUST005042,CUST002653,same_branch,0.187,true
CUST001462,CUST004572,same_branch,0.284,true
CUST008460,CUST000071,same_branch,0.213,false
CUST006692,CUST002680,same_branch,0.225,true
CUST008169,CUST002096,same_branch,0.259,true
CUST004491,CUST008644,same_branch,0.323,false
CUST005883,CUST005091,same_branch,0.14,true
CUST003234,CUST009218,same_branch,0.329,false
CUST003119,CUST006816,same_branch,0.342,false
CUST003832,CUST006182,same_branch,0.247,false
CUST000751,CUST008144,same_branch,0.232,false
CUST007416,CUST008567,same_branch,0.18,true
CUST002856,CUST003290,same_branch,0.161,true
CUST009653,CUST005473,same_branch,0.152,false
CUST007358,CUST009685,same_branch,0.242,false
CUST006410,CUST009504,same_branch,0.231,true
CUST009438,CUST004348,same_branch,0.219,false
CUST006513,CUST009573,same_branch,0.284,true
CUST004853,CUST007116,same_branch,0.109,true
CUST004648,CUST002696,same_branch,0.282,true
CUST008396,CUST007425,same_branch,0.21,true
CUST007425,CUST000206,same_branch,0.285,true
CUST004321,CUST001308,same_branch,0.309,true
CUST006108,CUST006772,same_branch,0.166,true
CUST007428,CUST005348,same_branch,0.19,true
CUST009184,CUST005047,same_branch,0.12,true
CUST004045,CUST006862,same_branch,0.196,true
CUST006989,CUST005840,same_branch,0.201,false
CUST000028,CUST008115,same_branch,0.317,true
CUST006766,CUST008373,same_branch,0.168,false
CUST001554,CUST008832,same_branch,0.239,true
CUST004106,CUST002759,same_branch,0.142,true
CUST005335,CUST003846,same_branch,0.129,true
CUST000037,CUST007920,same_branch,0.169,true
CUST007232,CUST007345,same_branch,0.216,false
CUST005055,CUST009682,same_branch,0.24,true
CUST001369,CUST005895,same_branch,0.32,true
CUST007112,CUST003606,same_branch,0.348,false
CUST002974,CUST004723,same_branch,0.272,true
CUST002173,CUST006619,same_branch,0.319,true
CUST001414,CUST007106,same_branch,0.213,true
CUST006176,CUST004777,same_branch,0.112,true
CUST009352,CUST003302,same_branch,0.288,true
CUST003578,CUST007281,same_branch,0.129,true
CUST009471,CUST003418,same_branch,0.25,true
CUST002215,CUST007502,same_branch,0.298,true
CUST005926,CUST006619,same_branch,0.251,true
CUST006877,CUST009981,same_branch,0.23,true
CUST005189,CUST006480,same_branch,0.149,true
CUST005900,CUST004702,same_branch,0.143,true
CUST004308,CUST003478,same_branch,0.159,true
CUST000662,CUST008069,same_branch,0.188,false
CUST006175,CUST008805,same_branch,0.122,true
CUST001480,CUST004276,same_branch,0.325,false
CUST005468,CUST000186,same_branch,0.127,true
CUST008240,CUST008904,same_branch,0.255,true
CUST007583,CUST007373,same_branch,0.286,true
CUST008839,CUST000167,same_branch,0.216,true
CUST000543,CUST008798,same_branch,0.212,true
CUST001174,CUST004371,same_branch,0.33,false
CUST007718,CUST001662,same_branch,0.116,true
CUST008381,CUST000076,same_branch,0.237,true
CUST005241,CUST007213,same_branch,0.328,false
CUST005716,CUST005296,same_branch,0.192,true
CUST004699,CUST004659,same_branch,0.114,true
CUST000779,CUST008386,same_branch,0.32,false
CUST002325,CUST001240,same_branch,0.288,true
CUST005321,CUST001287,same_branch,0.184,true
CUST005154,CUST002093,same_branch,0.3,false
CUST001455,CUST009735,same_branch,0.335,true
CUST005597,CUST002481,same_branch,0.282,true
CUST004983,CUST002692,same_branch,0.345,true
CUST000192,CUST001269,same_branch,0.332,true
CUST008593,CUST004667,same_branch,0.227,false
CUST008433,CUST001285,same_branch,0.229,true
CUST006580,CUST001594,same_branch,0.115,true
CUST005314,CUST008445,same_branch,0.208,true
CUST009072,CUST001288,same_branch,0.291,true
CUST000829,CUST002056,same_branch,0.328,true
CUST005342,CUST006481,same_branch,0.303,true
CUST004794,CUST008208,same_branch,0.342,true
CUST005458,CUST006533,same_branch,0.307,true
CUST009374,CUST002584,same_branch,0.334,true
CUST009178,CUST003938,same_branch,0.234,true
CUST002644,CUST008759,same_branch,0.292,true
CUST003428,CUST008581,same_branch,0.35,true
CUST005341,CUST009736,same_branch,0.28,false
CUST008395,CUST000910,same_branch,0.313,true
CUST001429,CUST008155,same_branch,0.228,true
CUST007823,CUST003804,same_branch,0.295,false
CUST001671,CUST006469,same_branch,0.145,true
CUST005054,CUST000232,same_branch,0.223,false
CUST001979,CUST005830,same_branch,0.263,true
CUST000003,CUST005306,same_branch,0.247,false
CUST005450,CUST008901,same_branch,0.248,true
CUST007093,CUST000757,same_branch,0.151,true
CUST006309,CUST006688,same_branch,0.282,true
CUST006177,CUST009343,same_branch,0.167,true
CUST006303,CUST006632,same_branch,0.271,false
CUST005285,CUST004072,same_branch,0.299,true
CUST000373,CUST009717,same_branch,0.195,true
CUST005762,CUST003798,same_branch,0.202,true
CUST005893,CUST004693,same_branch,0.26,true
CUST007148,CUST005795,same_branch,0.186,true
CUST003729,CUST009942,same_branch,0.24,true
CUST007613,CUST007151,same_branch,0.179,false
CUST003872,CUST006533,same_branch,0.161,true
CUST000479,CUST008868,same_branch,0.286,true
CUST002969,CUST003457,same_branch,0.236,true
CUST005148,CUST005411,same_branch,0.29,true
CUST001756,CUST004267,same_branch,0.27,false
CUST006177,CUST000019,same_branch,0.217,true
CUST000415,CUST002113,same_branch,0.164,true
CUST004905,CUST006021,same_branch,0.154,true
CUST001806,CUST009201,same_branch,0.222,true
CUST001472,CUST009360,same_branch,0.163,true
CUST005530,CUST006874,same_branch,0.234,false
CUST006647,CUST005709,same_branch,0.129,true
CUST008230,CUST006957,same_branch,0.231,true
CUST002574,CUST009842,same_branch,0.196,true
CUST000301,CUST004049,same_branch,0.285,true
CUST004932,CUST004417,same_branch,0.291,true
CUST002194,CUST007598,same_branch,0.239,true
CUST009511,CUST007380,same_branch,0.173,false
CUST007835,CUST009888,same_branch,0.33,true
CUST000140,CUST003307,same_branch,0.218,true
CUST004409,CUST006194,same_branch,0.242,true
CUST008385,CUST006002,same_branch,0.19,false
CUST003607,CUST007318,same_branch,0.253,false
CUST001018,CUST007117,same_branch,0.303,true
CUST000829,CUST002269,same_branch,0.267,true
CUST009619,CUST001295,same_branch,0.324,true
CUST006392,CUST006495,same_branch,0.322,true
CUST000590,CUST004972,same_branch,0.116,false
CUST008765,CUST003023,same_branch,0.11,true
CUST004314,CUST009520,same_branch,0.168,true
CUST006557,CUST009543,same_branch,0.119,true
CUST004392,CUST002611,same_branch,0.279,true
CUST004417,CUST000738,same_branch,0.119,false
CUST008046,CUST003559,same_branch,0.334,false
CUST002665,CUST008554,same_branch,0.337,true
CUST000206,CUST008090,same_branch,0.129,true
CUST001191,CUST002063,same_branch,0.148,true
CUST005118,CUST004166,same_branch,0.258,true
CUST000535,CUST003172,same_branch,0.257,true
CUST003604,CUST004136,same_branch,0.294,false
CUST005308,CUST000915,same_branch,0.135,true
CUST003257,CUST006465,same_branch,0.289,true
CUST006781,CUST007647,same_branch,0.239,true
CUST009688,CUST009452,same_branch,0.269,true
CUST003406,CUST007668,same_branch,0.22,false
CUST006752,CUST007924,same_branch,0.293,true
CUST001518,CUST005248,same_branch,0.289,true
CUST000662,CUST007688,same_branch,0.3,true
CUST003606,CUST004196,same_branch,0.279,true
CUST009258,CUST001265,same_branch,0.243,true
CUST009675,CUST005410,same_branch,0.16,true
CUST007606,CUST005767,same_branch,0.211,false
CUST000606,CUST006119,same_branch,0.347,true
CUST007086,CUST000513,same_branch,0.3,false
CUST000343,CUST005148,same_branch,0.162,true
CUST007775,CUST009930,same_branch,0.286,true
CUST000343,CUST004399,same_branch,0.166,true
CUST002971,CUST001613,same_branch,0.28,true
CUST009567,CUST006495,same_branch,0.184,true
CUST003885,CUST004267,same_branch,0.25,false
CUST002028,CUST007057,same_branch,0.311,true
CUST008574,CUST008563,same_branch,0.224,true
CUST009031,CUST005946,same_branch,0.207,true
CUST007084,CUST001764,same_branch,0.184,true
CUST006116,CUST003532,same_branch,0.248,true
CUST003118,CUST006449,same_branch,0.126,true
CUST002834,CUST009379,same_branch,0.229,false
CUST002820,CUST005723,same_branch,0.305,true
CUST002368,CUST006946,same_branch,0.189,true
CUST006309,CUST005882,same_branch,0.245,true
CUST008172,CUST000771,same_branch,0.347,true
CUST006195,CUST008936,same_branch,0.127,true
CUST005256,CUST008860,same_branch,0.189,false
CUST008682,CUST003404,same_branch,0.298,true
CUST009360,CUST007856,same_branch,0.161,true
CUST002157,CUST008641,same_branch,0.336,true
CUST007941,CUST009071,same_branch,0.263,true
CUST006442,CUST001225,same_branch,0.201,true
CUST008278,CUST006902,same_branch,0.312,true
CUST007036,CUST005870,same_branch,0.267,true
CUST000641,CUST004430,same_branch,0.252,false
CUST004290,CUST004495,same_branch,0.114,true
CUST006931,CUST009283,same_branch,0.128,false
CUST004868,CUST001723,same_branch,0.21,false
CUST000518,CUST006480,same_branch,0.117,false
CUST007745,CUST007776,same_branch,0.211,false
CUST006127,CUST007382,same_branch,0.299,true
CUST005045,CUST008244,same_branch,0.117,true
CUST008976,CUST009603,same_branch,0.129,false
CUST007027,CUST008782,same_branch,0.23,true
CUST000958,CUST008891,same_branch,0.199,true
CUST003244,CUST008007,same_branch,0.157,true
CUST007539,CUST000922,same_branch,0.256,true
CUST007117,CUST000177,same_branch,0.237,true
CUST003362,CUST001831,same_branch,0.261,true
CUST000720,CUST005888,same_branch,0.342,true
CUST003402,CUST001062,same_branch,0.103,true
CUST004634,CUST005518,same_branch,0.285,true
CUST008857,CUST004978,same_branch,0.194,true
CUST003917,CUST004537,same_branch,0.214,true
CUST007714,CUST008724,same_branch,0.248,true
CUST004876,CUST009054,same_branch,0.12,true
CUST002650,CUST003913,same_branch,0.307,true
CUST004223,CUST002972,same_branch,0.315,true
CUST000487,CUST007728,same_branch,0.335,false
CUST002103,CUST002645,same_branch,0.235,true
CUST009666,CUST007614,same_branch,0.299,true
CUST001723,CUST008576,same_branch,0.29,true
CUST007846,CUST000724,same_branch,0.275,true
CUST005296,CUST006060,same_branch,0.174,true
CUST002874,CUST003168,same_branch,0.329,true
CUST005256,CUST004862,same_branch,0.203,true
CUST007221,CUST001292,same_branch,0.102,true
CUST009101,CUST003459,same_branch,0.239,true
CUST009911,CUST005793,same_branch,0.161,true
CUST002805,CUST005694,same_branch,0.306,true
CUST002857,CUST009808,same_branch,0.216,false
CUST004148,CUST005900,same_branch,0.255,true
CUST002111,CUST001492,same_branch,0.223,true
CUST005693,CUST000581,same_branch,0.156,true
CUST008962,CUST008379,same_branch,0.291,false
CUST003260,CUST000541,same_branch,0.135,false
CUST003688,CUST008529,same_branch,0.185,true
CUST008983,CUST009738,same_branch,0.103,true
CUST009218,CUST002521,same_branch,0.172,true
CUST005383,CUST003604,same_branch,0.176,true
CUST007722,CUST003638,same_branch,0.217,true
CUST005926,CUST006485,same_branch,0.151,true
CUST003512,CUST006109,same_branch,0.124,true
CUST009422,CUST007113,same_branch,0.328,false
CUST000391,CUST002905,same_branch,0.171,false
CUST008948,CUST008640,same_branch,0.204,true
CUST007237,CUST005472,same_branch,0.273,true
CUST001090,CUST009472,same_branch,0.274,true
CUST007070,CUST005148,same_branch,0.35,true
CUST005681,CUST001289,same_branch,0.277,false
CUST005556,CUST006232,same_branch,0.196,true
CUST005334,CUST005421,same_branch,0.305,false
CUST008908,CUST007400,same_branch,0.164,true
CUST002875,CUST009242,same_branch,0.117,true
CUST004107,CUST008328,same_branch,0.168,false
CUST006917,CUST008888,same_branch,0.253,true
CUST000688,CUST003821,same_branch,0.331,true
CUST007941,CUST009990,same_branch,0.349,true
CUST009824,CUST006599,same_branch,0.317,true
CUST009006,CUST000388,same_branch,0.225,true
CUST003315,CUST002699,same_branch,0.166,false
CUST002056,CUST005780,same_branch,0.288,true
CUST009827,CUST000432,same_branch,0.22,true
CUST009112,CUST000750,same_branch,0.244,true
CUST000507,CUST004639,same_branch,0.146,false
CUST009654,CUST001808,same_branch,0.121,true
CUST006435,CUST009590,same_branch,0.187,true
CUST003496,CUST005625,same_branch,0.208,true
CUST006333,CUST004147,same_branch,0.175,true
CUST008455,CUST001362,same_branch,0.186,true
CUST000177,CUST006791,same_branch,0.232,true
CUST001792,CUST008905,same_branch,0.29,false
CUST003138,CUST005616,same_branch,0.343,false
CUST009995,CUST008526,same_branch,0.169,true
CUST008912,CUST009401,same_branch,0.204,false
CUST001067,CUST008032,same_branch,0.312,false
CUST004598,CUST004492,same_branch,0.171,true
CUST009713,CUST006335,same_branch,0.186,true
CUST002749,CUST003604,same_branch,0.166,true
CUST000693,CUST000255,same_branch,0.1,true
CUST002934,CUST004358,same_branch,0.247,true
CUST009519,CUST007066,same_branch,0.134,false
CUST009054,CUST003741,same_branch,0.348,true
CUST001819,CUST003496,same_branch,0.218,true
CUST009235,CUST008564,same_branch,0.297,true
CUST000055,CUST009141,same_branch,0.134,false
CUST001047,CUST001119,same_branch,0.314,true
CUST005655,CUST002116,same_branch,0.214,false
CUST004335,CUST004163,same_branch,0.153,true
CUST002602,CUST004405,same_branch,0.272,true
CUST003082,CUST006265,same_branch,0.328,false
CUST006958,CUST001907,same_branch,0.344,true
CUST004580,CUST004473,same_branch,0.296,true
CUST007624,CUST001546,same_branch,0.334,true
CUST004111,CUST004275,same_branch,0.347,true
CUST007029,CUST009541,same_branch,0.236,true
CUST000501,CUST006573,same_branch,0.197,false
CUST001720,CUST000197,same_branch,0.207,true
CUST000206,CUST005700,same_branch,0.143,true
CUST005450,CUST000881,same_branch,0.22,true
CUST004385,CUST000686,same_branch,0.114,true
CUST009888,CUST002332,same_branch,0.194,true
CUST001965,CUST004661,same_branch,0.23,true
CUST001208,CUST004901,same_branch,0.133,false
CUST004069,CUST006026,same_branch,0.209,true
CUST001478,CUST004043,same_branch,0.177,true
CUST008787,CUST008320,same_branch,0.171,true
CUST008484,CUST005555,same_branch,0.329,true
CUST003831,CUST005820,same_branch,0.319,false
CUST004037,CUST006657,same_branch,0.216,false
CUST000915,CUST004661,same_branch,0.138,true
CUST009269,CUST002126,same_branch,0.243,true
CUST006023,CUST008655,same_branch,0.259,true
CUST007155,CUST000636,same_branch,0.297,false
CUST000887,CUST009386,same_branch,0.188,true
CUST002607,CUST002831,same_branch,0.329,true
CUST008300,CUST005090,same_branch,0.232,false
CUST008313,CUST007155,same_branch,0.328,true
CUST005922,CUST002220,same_branch,0.225,true
CUST004525,CUST009914,same_branch,0.166,true
CUST007220,CUST005950,same_branch,0.195,false
CUST005009,CUST008962,same_branch,0.134,true
CUST006150,CUST001967,same_branch,0.305,true
CUST009383,CUST009851,same_branch,0.137,false
CUST002097,CUST005297,same_branch,0.138,false
CUST006221,CUST008292,same_branch,0.266,false
CUST001047,CUST009438,same_branch,0.192,true
CUST007785,CUST002751,same_branch,0.235,true
CUST001069,CUST000597,same_branch,0.339,true
CUST003687,CUST004342,same_branch,0.255,false
CUST009484,CUST003913,same_branch,0.312,true
CUST006579,CUST007900,same_branch,0.134,false
CUST005716,CUST002089,same_branch,0.285,true
CUST007571,CUST000947,same_branch,0.256,true
CUST006800,CUST002877,same_branch,0.184,true
CUST005588,CUST009567,same_branch,0.188,true
CUST007854,CUST008070,same_branch,0.249,true
CUST005061,CUST003795,same_branch,0.299,false
CUST008777,CUST001756,same_branch,0.238,false
CUST002287,CUST006018,same_branch,0.133,false
CUST003580,CUST008836,same_branch,0.103,true
CUST007231,CUST007846,same_branch,0.231,false
CUST001789,CUST007101,same_branch,0.16,false
CUST004885,CUST005756,same_branch,0.221,true
CUST000363,CUST000201,same_branch,0.338,true
CUST002798,CUST005950,same_branch,0.111,false
CUST006091,CUST003670,same_branch,0.114,true
CUST008506,CUST005768,same_branch,0.227,true
CUST004795,CUST007825,same_branch,0.336,true
CUST002217,CUST007060,same_branch,0.281,true
CUST004599,CUST002255,same_branch,0.328,true
CUST003817,CUST004437,same_branch,0.105,true
CUST001392,CUST007967,same_branch,0.161,true
CUST002212,CUST004889,same_branch,0.324,false
CUST006465,CUST001756,same_branch,0.305,true
CUST000281,CUST009374,same_branch,0.125,true
CUST005778,CUST009160,same_branch,0.208,true
CUST005716,CUST006791,same_branch,0.34,true
CUST004814,CUST007128,same_branch,0.253,false
CUST000192,CUST000998,same_branch,0.105,true
CUST001870,CUST003648,same_branch,0.196,true
CUST005304,CUST008212,same_branch,0.167,false
CUST000715,CUST006997,same_branch,0.146,false
CUST001922,CUST002944,same_branch,0.203,true
CUST003672,CUST002989,same_branch,0.331,true
CUST006304,CUST001667,same_branch,0.192,true
CUST008452,CUST002437,same_branch,0.166,false
CUST002766,CUST000869,same_branch,0.256,false
CUST005292,CUST007929,same_branch,0.267,false
CUST002198,CUST004339,same_branch,0.119,true
CUST004457,CUST004146,same_branch,0.122,true
CUST009080,CUST005904,same_branch,0.32,false
CUST003348,CUST001278,same_branch,0.102,true
CUST002907,CUST003235,same_branch,0.214,true
CUST003201,CUST003723,same_branch,0.304,true
CUST007050,CUST000762,same_branch,0.19,true
CUST005588,CUST005411,same_branch,0.327,true
CUST000885,CUST009327,same_branch,0.145,true
CUST005341,CUST007995,same_branch,0.146,false
CUST006889,CUST000766,same_branch,0.156,true
CUST001890,CUST000911,same_branch,0.157,false
CUST007252,CUST005288,same_branch,0.303,true
CUST000928,CUST008323,same_branch,0.235,false
CUST006392,CUST003672,same_branch,0.13,true
CUST005339,CUST005892,same_branch,0.323,true
CUST002615,CUST009482,same_branch,0.154,true
CUST007389,CUST004428,same_branch,0.347,true
CUST000492,CUST005162,same_branch,0.11,true
CUST000202,CUST007920,same_branch,0.123,true
CUST004463,CUST009600,same_branch,0.17,true
CUST009893,CUST002967,same_branch,0.157,false
CUST007859,CUST009268,same_branch,0.292,true
CUST006332,CUST007305,same_branch,0.275,true
CUST007665,CUST005616,same_branch,0.308,true
CUST001282,CUST005366,same_branch,0.262,true
CUST009956,CUST009090,same_branch,0.273,true
CUST006346,CUST003003,same_branch,0.211,false
CUST008771,CUST000374,same_branch,0.18,true
CUST003116,CUST006563,same_branch,0.183,false
CUST003979,CUST008873,same_branch,0.155,true
CUST008812,CUST006221,same_branch,0.288,true
CUST009792,CUST001294,same_branch,0.196,true
CUST005497,CUST008760,same_branch,0.298,true
CUST007153,CUST000994,same_branch,0.201,true
CUST005381,CUST009276,same_branch,0.238,true
CUST006468,CUST000735,same_branch,0.203,true
CUST000259,CUST003822,same_branch,0.233,false
CUST008128,CUST004978,same_branch,0.124,true
CUST001465,CUST000471,same_branch,0.183,false
CUST009129,CUST005222,same_branch,0.136,true
CUST009358,CUST003192,same_branch,0.148,true
CUST002844,CUST006882,same_branch,0.228,true
CUST002041,CUST000310,same_branch,0.281,true
CUST000522,CUST007087,same_branch,0.149,true
CUST003759,CUST004492,same_branch,0.188,true
CUST008049,CUST002405,same_branch,0.142,true
CUST007447,CUST007665,same_branch,0.265,false
CUST003843,CUST005281,same_branch,0.118,true
CUST004920,CUST002348,same_branch,0.347,false
CUST007378,CUST004821,same_branch,0.316,true
CUST009672,CUST001476,same_branch,0.22,true
CUST008539,CUST005838,same_branch,0.139,true
CUST009398,CUST001882,same_branch,0.22,true
CUST009638,CUST008037,same_branch,0.342,true
CUST008940,CUST007653,same_branch,0.191,true
CUST006791,CUST006465,same_branch,0.163,true
CUST000951,CUST008694,same_branch,0.169,true
CUST005053,CUST009180,same_branch,0.13,false
CUST006007,CUST006075,same_branch,0.247,true
CUST001952,CUST005456,same_branch,0.287,true
CUST005046,CUST001385,same_branch,0.12,true
CUST009773,CUST001813,same_branch,0.145,true
CUST005762,CUST000512,same_branch,0.307,true
CUST000068,CUST004141,same_branch,0.331,true
CUST001206,CUST003113,same_branch,0.249,true
CUST002216,CUST001520,same_branch,0.129,false
CUST005892,CUST000912,same_branch,0.115,true
CUST007640,CUST006745,same_branch,0.2,true
CUST007394,CUST006483,same_branch,0.33,true
CUST000382,CUST008136,same_branch,0.282,true
CUST008619,CUST002030,same_branch,0.288,true
CUST006550,CUST009513,same_branch,0.194,false
CUST005084,CUST003168,same_branch,0.163,false
CUST004412,CUST005833,same_branch,0.207,true
CUST003615,CUST001512,same_branch,0.288,false
CUST009991,CUST008161,same_branch,0.129,true
CUST000154,CUST000545,same_branch,0.304,true
CUST005164,CUST006619,same_branch,0.263,false
CUST001304,CUST009819,same_branch,0.249,true
CUST005014,CUST000757,same_branch,0.172,true
CUST004699,CUST006233,same_branch,0.236,true
CUST000179,CUST003111,same_branch,0.29,false
CUST001644,CUST006308,same_branch,0.331,false
CUST005968,CUST007701,same_branch,0.147,false
CUST002386,CUST000989,same_branch,0.27,true
CUST005853,CUST003838,same_branch,0.176,true
CUST009029,CUST008121,same_branch,0.295,true
CUST008271,CUST009534,same_branch,0.171,false
CUST008582,CUST009360,same_branch,0.332,true
CUST004623,CUST009497,same_branch,0.235,false
CUST000343,CUST000391,same_branch,0.206,true
CUST007778,CUST001368,same_branch,0.159,true
CUST001705,CUST000726,same_branch,0.211,false
CUST004695,CUST002716,same_branch,0.345,true
CUST009987,CUST002523,same_branch,0.109,true
CUST003740,CUST001224,same_branch,0.33,true
CUST007305,CUST005624,same_branch,0.308,false
CUST009741,CUST006376,same_branch,0.137,false
CUST008351,CUST005783,same_branch,0.185,false
CUST000865,CUST009695,same_branch,0.115,true
CUST006813,CUST009333,same_branch,0.218,true
CUST006122,CUST008893,same_branch,0.239,true
CUST002086,CUST003611,same_branch,0.154,true
CUST000232,CUST009928,same_branch,0.171,false
CUST009039,CUST003917,same_branch,0.269,true
CUST005353,CUST008770,same_branch,0.305,true
CUST000251,CUST007775,same_branch,0.323,true
CUST003850,CUST000120,same_branch,0.163,false
CUST002209,CUST000909,same_branch,0.263,true
CUST001867,CUST007976,same_branch,0.323,true
CUST008704,CUST002276,same_branch,0.181,true
CUST005761,CUST009607,same_branch,0.245,true
CUST002406,CUST006328,same_branch,0.281,false
CUST009749,CUST003720,same_branch,0.139,true
CUST000332,CUST008616,same_branch,0.345,true
CUST008065,CUST008115,same_branch,0.349,false
CUST005661,CUST002639,same_branch,0.127,true
CUST009893,CUST009330,same_branch,0.249,true
CUST007216,CUST004946,same_branch,0.265,false
CUST001416,CUST000611,same_branch,0.298,true
CUST006042,CUST009471,same_branch,0.121,false
CUST003589,CUST001684,same_branch,0.272,false
CUST007695,CUST001172,same_branch,0.346,true
CUST005384,CUST001253,same_branch,0.101,false
CUST005764,CUST007855,same_branch,0.203,true
CUST000710,CUST005844,same_branch,0.276,false
CUST007099,CUST003684,same_branch,0.152,true
CUST007247,CUST000227,same_branch,0.101,true
CUST009399,CUST002705,same_branch,0.251,true
CUST009891,CUST006573,same_branch,0.271,true
CUST005800,CUST000443,same_branch,0.3,true
CUST002046,CUST002322,same_branch,0.243,true
CUST007331,CUST003824,same_branch,0.2,true
CUST008958,CUST009882,same_branch,0.216,true
CUST000059,CUST002510,same_branch,0.272,true
CUST001192,CUST004804,same_branch,0.261,true
CUST007599,CUST005322,same_branch,0.197,true
CUST002378,CUST003864,same_branch,0.201,true
CUST005486,CUST007383,same_branch,0.287,true
CUST008359,CUST006449,same_branch,0.286,true
CUST002465,CUST002615,same_branch,0.199,false
CUST009611,CUST003634,same_branch,0.117,true
CUST001509,CUST000953,same_branch,0.118,true
CUST005267,CUST001387,same_branch,0.124,false
CUST001763,CUST000221,same_branch,0.105,true
CUST007700,CUST008329,same_branch,0.253,false
CUST003652,CUST002187,same_branch,0.298,true
CUST003988,CUST000192,same_branch,0.262,true
CUST006939,CUST004070,same_branch,0.107,false
CUST002989,CUST000591,same_branch,0.201,false
CUST008518,CUST004461,same_branch,0.214,true
CUST003921,CUST001979,same_branch,0.204,false
CUST001045,CUST005409,same_branch,0.183,false
CUST005777,CUST004920,same_branch,0.178,true
CUST009132,CUST007670,same_branch,0.276,true
CUST000787,CUST000705,same_branch,0.138,true
CUST006838,CUST007354,same_branch,0.284,true
CUST005598,CUST006671,same_branch,0.228,true
CUST003176,CUST005839,same_branch,0.265,false
CUST009883,CUST009848,same_branch,0.114,true
CUST003154,CUST000470,same_branch,0.121,true
CUST001388,CUST004734,same_branch,0.349,false
CUST000112,CUST009776,same_branch,0.144,false
CUST000078,CUST003824,same_branch,0.286,true
CUST005693,CUST006928,same_branch,0.187,false
CUST000508,CUST008532,same_branch,0.147,true
CUST009956,CUST009665,same_branch,0.29,true
CUST008121,CUST003343,same_branch,0.261,true
CUST002808,CUST007920,same_branch,0.147,false
CUST001174,CUST003121,same_branch,0.225,false
CUST008557,CUST002961,same_branch,0.184,true
CUST000279,CUST004419,same_branch,0.127,true
CUST001484,CUST007921,same_branch,0.112,true
CUST001731,CUST000279,same_branch,0.177,true
CUST008675,CUST007347,same_branch,0.177,true
CUST001964,CUST000469,same_branch,0.248,false
CUST009896,CUST007390,same_branch,0.349,false
CUST009890,CUST007244,same_branch,0.214,false
CUST004594,CUST000391,same_branch,0.125,true
CUST003500,CUST007312,same_branch,0.259,true
CUST001445,CUST008163,same_branch,0.301,true
CUST000599,CUST004611,same_branch,0.312,false
CUST000234,CUST004017,same_branch,0.276,true
CUST003716,CUST008799,same_branch,0.143,true
CUST000337,CUST000379,same_branch,0.139,true
CUST001631,CUST002912,same_branch,0.262,true
CUST005921,CUST007019,same_branch,0.232,true
CUST008217,CUST003615,same_branch,0.345,true
CUST007795,CUST009377,same_branch,0.299,true
CUST001818,CUST005524,same_branch,0.27,true
CUST007027,CUST005685,same_branch,0.185,true
CUST008985,CUST006007,same_branch,0.272,false
CUST009046,CUST002682,same_branch,0.228,true
CUST000272,CUST008244,same_branch,0.275,true
CUST003658,CUST003841,same_branch,0.209,true
CUST002690,CUST002487,same_branch,0.159,true
CUST006925,CUST009969,same_branch,0.225,true
CUST000024,CUST001303,same_branch,0.182,true
CUST008457,CUST009792,same_branch,0.106,false
CUST006430,CUST004770,same_branch,0.254,true
CUST007288,CUST001896,same_branch,0.3,true
CUST000608,CUST000818,same_branch,0.281,true
CUST004735,CUST005609,same_branch,0.171,false
CUST009158,CUST004661,same_branch,0.219,true
CUST000187,CUST004928,same_branch,0.311,true
CUST000391,CUST008859,same_branch,0.119,true
CUST006274,CUST008298,same_branch,0.117,true
CUST005670,CUST003214,same_branch,0.25,true
CUST004433,CUST005250,same_branch,0.308,true
CUST002631,CUST008286,same_branch,0.116,true
CUST006309,CUST007967,same_branch,0.319,true
CUST000317,CUST002487,same_branch,0.123,true
CUST008844,CUST008746,same_branch,0.275,false
CUST008616,CUST009749,same_branch,0.266,true
CUST004049,CUST002011,same_branch,0.28,true
CUST008179,CUST001462,same_branch,0.15,true
CUST008430,CUST007098,same_branch,0.153,true
CUST001950,CUST003746,same_branch,0.256,true
CUST004547,CUST006441,same_branch,0.15,true
CUST003833,CUST000102,same_branch,0.291,true
CUST008069,CUST004932,same_branch,0.189,false
CUST000305,CUST001260,same_branch,0.302,false
CUST006721,CUST005558,same_branch,0.225,true
CUST008452,CUST009816,same_branch,0.14,true
CUST000949,CUST002608,same_branch,0.337,true
CUST004309,CUST003453,same_branch,0.347,false
CUST001235,CUST000936,same_branch,0.262,false
CUST001710,CUST009021,same_branch,0.324,true
CUST009006,CUST007109,same_branch,0.28,true
CUST006746,CUST003530,same_branch,0.155,true
CUST003058,CUST006018,same_branch,0.118,true
CUST007455,CUST002395,same_branch,0.24,true
CUST001266,CUST000028,same_branch,0.184,true
CUST003261,CUST007034,same_branch,0.161,false
CUST004980,CUST005562,same_branch,0.269,true
CUST000991,CUST003431,same_branch,0.27,true
CUST006585,CUST008830,same_branch,0.339,false
CUST001588,CUST003211,same_branch,0.261,true
CUST003473,CUST004839,same_branch,0.116,true
CUST009572,CUST001688,same_branch,0.171,true
CUST001981,CUST007865,same_branch,0.333,true
CUST007764,CUST005644,same_branch,0.21,true
CUST001189,CUST006358,same_branch,0.186,false
CUST001927,CUST003267,same_branch,0.259,true
CUST003785,CUST004212,same_branch,0.239,false
CUST000535,CUST008040,same_branch,0.189,true
CUST008069,CUST007158,same_branch,0.166,true
CUST003516,CUST005776,same_branch,0.135,true
CUST003657,CUST000736,same_branch,0.171,true
CUST004940,CUST007352,same_branch,0.217,true
CUST002102,CUST003947,same_branch,0.225,true
CUST009432,CUST005652,same_branch,0.106,true
CUST000255,CUST007821,same_branch,0.261,false
CUST000912,CUST007627,same_branch,0.184,true
CUST005355,CUST005431,same_branch,0.138,true
CUST000415,CUST002523,same_branch,0.202,true
CUST007205,CUST004188,same_branch,0.173,true
CUST008997,CUST009700,same_branch,0.31,true
CUST002102,CUST005009,same_branch,0.281,true
CUST009857,CUST001885,same_branch,0.176,true
CUST001979,CUST005418,same_branch,0.192,true
CUST009787,CUST008870,same_branch,0.316,true
CUST006132,CUST003683,same_branch,0.187,false
CUST009143,CUST007697,same_branch,0.275,true
CUST004296,CUST003905,same_branch,0.174,true
CUST005923,CUST004411,same_branch,0.205,true
CUST001748,CUST008335,same_branch,0.112,true
CUST006782,CUST003326,same_branch,0.299,false
CUST001911,CUST008818,same_branch,0.291,true
CUST000594,CUST005487,same_branch,0.172,false
CUST009017,CUST001964,same_branch,0.102,true
CUST007486,CUST004428,same_branch,0.197,true
CUST003304,CUST004975,same_branch,0.345,true
CUST000857,CUST004228,same_branch,0.314,true
CUST008406,CUST000698,same_branch,0.12,true
CUST007281,CUST000841,same_branch,0.28,true
CUST006093,CUST006581,same_branch,0.333,false
CUST007558,CUST008186,same_branch,0.276,true
CUST005944,CUST000533,same_branch,0.135,true
CUST002108,CUST001029,same_branch,0.177,false
CUST005096,CUST009718,same_branch,0.205,true
CUST009627,CUST008217,same_branch,0.143,true
CUST008991,CUST009017,same_branch,0.159,false
CUST002080,CUST009809,same_branch,0.12,true
CUST005768,CUST002972,same_branch,0.128,true
CUST002874,CUST001278,same_branch,0.181,true
CUST007991,CUST005120,same_branch,0.103,true
CUST002900,CUST005688,same_branch,0.345,false
CUST007929,CUST009322,same_branch,0.153,true
CUST006780,CUST008888,same_branch,0.231,false
CUST004864,CUST002425,same_branch,0.277,true
CUST007410,CUST004159,same_branch,0.132,true
CUST006958,CUST005353,same_branch,0.273,true
CUST003798,CUST008506,same_branch,0.278,false
CUST003872,CUST005339,same_branch,0.155,false
CUST008805,CUST007221,same_branch,0.285,true
CUST006987,CUST007253,same_branch,0.18,true
CUST000247,CUST003307,same_branch,0.184,true
CUST000933,CUST003183,same_branch,0.267,true
CUST006089,CUST001322,same_branch,0.302,true
CUST000912,CUST004842,same_branch,0.159,true
CUST005079,CUST007128,same_branch,0.197,true
CUST004771,CUST005912,same_branch,0.283,true
CUST009376,CUST003867,same_branch,0.337,true
CUST002030,CUST000177,same_branch,0.15,true
CUST009683,CUST001880,same_branch,0.331,true
CUST005838,CUST000692,same_branch,0.244,true
CUST008326,CUST002776,same_branch,0.219,true
CUST004950,CUST006211,same_branch,0.301,false
CUST001933,CUST003885,same_branch,0.207,false
CUST000119,CUST009768,same_branch,0.138,true
CUST009951,CUST002736,same_branch,0.349,false
CUST005628,CUST009147,same_branch,0.163,true
CUST000246,CUST002123,same_branch,0.118,true
CUST005296,CUST005093,same_branch,0.344,true
CUST004252,CUST006537,same_branch,0.279,false
CUST006449,CUST009705,same_branch,0.278,false
CUST002905,CUST000591,same_branch,0.174,false
CUST002153,CUST003875,same_branch,0.327,true
CUST005703,CUST003372,same_branch,0.168,false
CUST003237,CUST002873,same_branch,0.191,true
CUST008386,CUST001566,same_branch,0.262,true
CUST002755,CUST001584,same_branch,0.11,true
CUST008373,CUST006513,same_branch,0.183,true
CUST005286,CUST008416,same_branch,0.256,true
CUST009203,CUST008555,same_branch,0.142,true
CUST008550,CUST009627,same_branch,0.203,true
CUST004338,CUST006159,same_branch,0.228,true
CUST008036,CUST002417,same_branch,0.249,true
CUST002269,CUST007039,same_branch,0.25,true
CUST005313,CUST004813,same_branch,0.218,true
CUST002877,CUST002690,same_branch,0.175,true
CUST009245,CUST003453,same_branch,0.298,true
CUST009134,CUST006557,same_branch,0.314,false
CUST000383,CUST002673,same_branch,0.339,true
CUST002386,CUST004455,same_branch,0.21,true
CUST009378,CUST008190,same_branch,0.297,false
CUST008509,CUST000987,same_branch,0.156,true
CUST004500,CUST004344,same_branch,0.204,true
CUST003326,CUST003921,same_branch,0.309,true
CUST005868,CUST000766,same_branch,0.242,true
CUST004330,CUST005304,same_branch,0.198,true
CUST009754,CUST008859,same_branch,0.171,true
CUST009071,CUST008299,same_branch,0.324,true
CUST002971,CUST008956,same_branch,0.221,false
CUST005946,CUST007445,same_branch,0.31,true
CUST001885,CUST006826,same_branch,0.155,true
CUST001019,CUST005846,same_branch,0.268,false
CUST005009,CUST005211,same_branch,0.22,true
CUST004217,CUST009127,same_branch,0.154,true
CUST008059,CUST004380,same_branch,0.137,true
CUST002912,CUST006370,same_branch,0.268,false
CUST000788,CUST006601,same_branch,0.228,true
CUST008247,CUST002097,same_branch,0.274,true
CUST002376,CUST006640,same_branch,0.145,true
CUST007714,CUST006987,same_branch,0.255,false
CUST008416,CUST009951,same_branch,0.187,true
CUST002811,CUST006865,same_branch,0.301,false
CUST007827,CUST003927,same_branch,0.258,true
CUST007425,CUST006018,same_branch,0.33,true
CUST009515,CUST005055,same_branch,0.231,true
CUST005383,CUST008593,same_branch,0.319,true
CUST008718,CUST006018,same_branch,0.205,true
CUST008359,CUST002445,same_branch,0.299,false
CUST000541,CUST008239,same_branch,0.285,true
CUST006601,CUST000209,same_branch,0.127,false
CUST004564,CUST006174,same_branch,0.26,true
CUST009435,CUST004356,same_branch,0.305,true
CUST007862,CUST007010,same_branch,0.345,false
CUST003615,CUST007117,same_branch,0.147,true
CUST009664,CUST004666,same_branch,0.178,true
CUST007162,CUST003905,same_branch,0.273,false
CUST001747,CUST008962,same_branch,0.132,true
CUST001364,CUST009674,same_branch,0.273,false
CUST002671,CUST002088,same_branch,0.179,false
CUST003748,CUST001006,same_branch,0.222,true
CUST009935,CUST004508,same_branch,0.214,false
CUST006123,CUST005593,same_branch,0.346,true
CUST005685,CUST009201,same_branch,0.275,false
CUST003315,CUST009322,same_branch,0.104,false
CUST000119,CUST002615,same_branch,0.313,true
CUST004426,CUST002439,same_branch,0.349,true
CUST002651,CUST008485,same_branch,0.31,false
CUST007864,CUST003384,same_branch,0.316,false
CUST001604,CUST002263,same_branch,0.255,true
CUST009007,CUST006201,same_branch,0.104,true
CUST007919,CUST006955,same_branch,0.14,true
CUST009276,CUST000049,same_branch,0.147,true
CUST003402,CUST003523,same_branch,0.312,false
CUST000867,CUST000246,same_branch,0.194,false
CUST002187,CUST002699,same_branch,0.343,true
CUST006540,CUST009174,same_branch,0.15,false
CUST009685,CUST004722,same_branch,0.338,false
CUST005938,CUST002943,same_branch,0.192,true
CUST005450,CUST003775,same_branch,0.33,true
CUST009495,CUST009336,same_branch,0.173,false
CUST001292,CUST003535,same_branch,0.137,false
CUST007388,CUST005743,same_branch,0.277,false
CUST001026,CUST009245,same_branch,0.328,true
CUST007035,CUST001568,same_branch,0.217,true
CUST000794,CUST008777,same_branch,0.218,true
CUST005302,CUST005349,same_branch,0.331,true
CUST006465,CUST000177,same_branch,0.108,false
CUST003927,CUST008770,same_branch,0.268,true
CUST006888,CUST000222,same_branch,0.206,true
CUST009857,CUST004308,same_branch,0.221,true
CUST002062,CUST002471,same_branch,0.25,true
CUST002693,CUST006245,same_branch,0.261,true
CUST007508,CUST007469,same_branch,0.18,false
CUST003798,CUST006155,same_branch,0.176,true
CUST004417,CUST004572,same_branch,0.294,false
CUST005487,CUST008867,same_branch,0.325,true
CUST009679,CUST009967,same_branch,0.221,false
CUST001201,CUST007812,same_branch,0.189,true
CUST003597,CUST004509,same_branch,0.319,false
CUST001566,CUST000672,same_branch,0.331,true
CUST004308,CUST009007,same_branch,0.126,true
CUST004960,CUST007300,same_branch,0.105,false
CUST004182,CUST003212,same_branch,0.289,false
CUST008782,CUST000581,same_branch,0.218,true
CUST003379,CUST008141,same_branch,0.208,true
CUST007427,CUST004394,same_branch,0.195,false
CUST003607,CUST001213,same_branch,0.203,true
CUST000462,CUST000211,same_branch,0.151,true
CUST007672,CUST009443,same_branch,0.32,true
CUST005140,CUST003422,same_branch,0.119,true
CUST000295,CUST006281,same_branch,0.198,true
CUST004752,CUST009450,same_branch,0.297,true
CUST000039,CUST004748,same_branch,0.189,true
CUST005230,CUST009374,same_branch,0.135,true
CUST000818,CUST001103,same_branch,0.237,true
CUST009627,CUST008090,same_branch,0.215,false
CUST005875,CUST008482,same_branch,0.168,true
CUST003612,CUST004909,same_branch,0.25,true
CUST002195,CUST009242,same_branch,0.202,true
CUST003672,CUST007221,same_branch,0.18,true
CUST006480,CUST006371,same_branch,0.237,true
CUST007943,CUST006961,same_branch,0.224,true
CUST002560,CUST004463,same_branch,0.271,true
CUST005314,CUST008892,same_branch,0.194,false
CUST005991,CUST007793,same_branch,0.142,true
CUST004292,CUST008572,same_branch,0.191,false
CUST001800,CUST006838,same_branch,0.304,true
CUST001345,CUST003817,same_branch,0.113,true
CUST007676,CUST007706,same_branch,0.323,false
CUST009671,CUST003848,same_branch,0.306,true
CUST003053,CUST007867,same_branch,0.316,true
CUST009908,CUST004828,same_branch,0.227,false
CUST001003,CUST008680,same_branch,0.132,true
CUST007184,CUST008520,same_branch,0.11,true
CUST003512,CUST002986,same_branch,0.177,true
CUST008538,CUST006774,same_branch,0.346,true
CUST002030,CUST008226,same_branch,0.153,true
CUST003466,CUST006505,same_branch,0.247,false
CUST008168,CUST003619,same_branch,0.193,true
CUST006376,CUST008592,same_branch,0.226,true
CUST000985,CUST001367,same_branch,0.194,false
CUST005615,CUST001587,same_branch,0.213,true
CUST001392,CUST004901,same_branch,0.221,false
CUST000208,CUST009698,same_branch,0.201,true
CUST001802,CUST003599,same_branch,0.336,true
CUST005226,CUST006485,same_branch,0.139,true
CUST007112,CUST004594,same_branch,0.132,false
CUST003529,CUST004457,same_branch,0.302,true
CUST009639,CUST005409,same_branch,0.31,true
CUST003826,CUST008329,same_branch,0.331,true
CUST005973,CUST008143,same_branch,0.185,true
CUST001907,CUST002317,same_branch,0.334,true
CUST007908,CUST003159,same_branch,0.176,true
CUST005449,CUST007155,same_branch,0.213,true
CUST007924,CUST000119,same_branch,0.296,true
CUST008989,CUST003969,same_branch,0.154,true
CUST003672,CUST007112,same_branch,0.153,true
CUST007424,CUST003505,same_branch,0.17,true
CUST008032,CUST006279,same_branch,0.196,true
CUST005358,CUST004617,same_branch,0.122,true
CUST009082,CUST003314,same_branch,0.183,true
CUST002011,CUST000524,same_branch,0.245,false
CUST005865,CUST008640,same_branch,0.302,true
CUST007354,CUST008542,same_branch,0.247,false
CUST007989,CUST003302,same_branch,0.267,true
CUST000027,CUST009499,same_branch,0.235,true
CUST002682,CUST002829,same_branch,0.272,true
CUST008396,CUST005716,same_branch,0.305,false
CUST003097,CUST003098,same_branch,0.316,false
CUST007948,CUST008976,same_branch,0.134,false
CUST008205,CUST002431,same_branch,0.342,true
CUST009285,CUST000425,same_branch,0.297,true
CUST009258,CUST000933,same_branch,0.213,true
CUST005693,CUST004599,same_branch,0.163,true
CUST003257,CUST008373,same_branch,0.102,true
CUST000169,CUST009367,same_branch,0.193,true
CUST005333,CUST008190,same_branch,0.204,false
CUST008985,CUST005735,same_branch,0.124,true
CUST006612,CUST005414,same_branch,0.217,true
CUST002407,CUST000600,same_branch,0.268,true
CUST004043,CUST006796,same_branch,0.319,true
CUST002766,CUST008590,same_branch,0.312,true
CUST001604,CUST005411,same_branch,0.195,true
CUST007532,CUST001136,same_branch,0.28,true
CUST008513,CUST002518,same_branch,0.124,true
CUST003650,CUST003896,same_branch,0.283,true
CUST007662,CUST004122,same_branch,0.213,true
CUST006513,CUST007117,same_branch,0.275,true
CUST009916,CUST007948,same_branch,0.21,true
CUST009837,CUST006096,same_branch,0.145,false
CUST005559,CUST006566,same_branch,0.331,true
CUST003421,CUST003684,same_branch,0.346,true
CUST003500,CUST004345,same_branch,0.178,false
CUST009007,CUST007672,same_branch,0.196,true
CUST004027,CUST005447,same_branch,0.14,true
CUST008530,CUST009350,same_branch,0.218,true
CUST009871,CUST002577,same_branch,0.113,true
CUST002062,CUST000317,same_branch,0.299,true
CUST000071,CUST005703,same_branch,0.26,true
CUST005469,CUST006659,same_branch,0.332,true
CUST009290,CUST006308,same_branch,0.306,false
CUST007239,CUST007756,same_branch,0.289,false
CUST006798,CUST003464,same_branch,0.113,true
CUST003921,CUST008507,same_branch,0.29,true
CUST001393,CUST004501,same_branch,0.207,true
CUST004418,CUST006769,same_branch,0.277,true
CUST007027,CUST002546,same_branch,0.115,false
CUST008350,CUST005929,same_branch,0.301,false
CUST004838,CUST002273,same_branch,0.255,false
CUST005039,CUST009380,same_branch,0.24,false
CUST001269,CUST000849,same_branch,0.286,true
CUST007988,CUST000893,same_branch,0.262,true
CUST009203,CUST005331,same_branch,0.213,false
CUST004732,CUST008090,same_branch,0.294,true
CUST007303,CUST002584,same_branch,0.237,true
CUST001490,CUST001302,same_branch,0.222,true
CUST004196,CUST009754,same_branch,0.294,true
CUST005325,CUST007802,same_branch,0.306,true
CUST003988,CUST005401,same_branch,0.242,true
CUST007223,CUST004733,same_branch,0.308,true
CUST008196,CUST001469,same_branch,0.224,true
CUST008125,CUST003714,same_branch,0.215,true
CUST001003,CUST009738,same_branch,0.253,false
CUST007162,CUST006748,same_branch,0.264,true
CUST000771,CUST008196,same_branch,0.13,false
CUST002272,CUST000090,same_branch,0.245,true
CUST004217,CUST006513,same_branch,0.293,true
CUST003672,CUST003824,same_branch,0.285,true
CUST005170,CUST001400,same_branch,0.157,false
CUST006922,CUST000231,same_branch,0.268,false
CUST003230,CUST003396,same_branch,0.101,true
CUST002774,CUST004682,same_branch,0.194,true
CUST000352,CUST000830,same_branch,0.186,true
CUST006972,CUST008981,same_branch,0.119,true
CUST003544,CUST000684,same_branch,0.342,true
CUST000662,CUST008102,same_branch,0.226,false
CUST000391,CUST005148,same_branch,0.269,true
CUST008247,CUST004409,same_branch,0.329,true
CUST003963,CUST008072,same_branch,0.26,true
CUST006785,CUST004880,same_branch,0.184,true
CUST001141,CUST006989,same_branch,0.31,false
CUST008832,CUST004758,same_branch,0.133,false
CUST005037,CUST000585,same_branch,0.31,true
CUST008982,CUST003176,same_branch,0.228,false
CUST003867,CUST003704,same_branch,0.346,true
CUST004839,CUST006175,same_branch,0.341,true
CUST004485,CUST000819,same_branch,0.116,true
CUST006867,CUST000977,same_branch,0.231,true
CUST007070,CUST007093,same_branch,0.32,true
CUST001757,CUST006765,same_branch,0.237,true
CUST005383,CUST007305,same_branch,0.179,true
CUST004663,CUST003902,same_branch,0.203,true
CUST008718,CUST006480,same_branch,0.193,true
CUST008725,CUST002252,same_branch,0.303,false
CUST004028,CUST000933,same_branch,0.199,true
CUST000779,CUST001179,same_branch,0.169,true
CUST000469,CUST007827,same_branch,0.199,true
CUST005652,CUST004312,same_branch,0.106,true
CUST000594,CUST004353,same_branch,0.287,true
CUST003571,CUST009916,same_branch,0.273,true
CUST007380,CUST002863,same_branch,0.137,true
CUST001308,CUST009386,same_branch,0.28,true
CUST008372,CUST003979,same_branch,0.192,true
CUST006838,CUST005343,same_branch,0.267,true
CUST007232,CUST004223,same_branch,0.194,true
CUST001566,CUST002759,same_branch,0.146,true
CUST002097,CUST009231,same_branch,0.114,true
CUST000162,CUST009650,same_branch,0.342,true
CUST002445,CUST003321,same_branch,0.286,true
CUST008327,CUST005624,same_branch,0.217,false
CUST008089,CUST003321,same_branch,0.168,false
CUST009921,CUST004667,same_branch,0.239,true
CUST003113,CUST006710,same_branch,0.276,false
CUST000253,CUST009778,same_branch,0.15,false
CUST007594,CUST005383,same_branch,0.126,true
CUST001659,CUST008884,same_branch,0.236,true
CUST005348,CUST002072,same_branch,0.311,true
CUST008217,CUST007425,same_branch,0.286,true
CUST004253,CUST004268,same_branch,0.323,false
CUST006096,CUST006843,same_branch,0.337,true
CUST009721,CUST000693,same_branch,0.252,true
CUST001018,CUST004966,same_branch,0.222,true
CUST006085,CUST000748,same_branch,0.173,true
CUST006306,CUST000049,same_branch,0.25,true
CUST007749,CUST005935,same_branch,0.349,true
CUST008798,CUST003472,same_branch,0.201,true
CUST008461,CUST006955,same_branch,0.294,true
CUST003618,CUST004351,same_branch,0.294,true
CUST004821,CUST008900,same_branch,0.104,true
CUST001592,CUST002684,same_branch,0.11,true
CUST000676,CUST005663,same_branch,0.335,false
CUST005226,CUST005308,same_branch,0.268,false
CUST009459,CUST001520,same_branch,0.128,true
CUST009111,CUST001590,same_branch,0.265,true
CUST009670,CUST005968,same_branch,0.26,true
CUST004253,CUST006421,same_branch,0.211,true
CUST001933,CUST004267,same_branch,0.331,true
CUST006804,CUST000420,same_branch,0.231,true
CUST008379,CUST003348,same_branch,0.13,true
CUST003519,CUST009576,same_branch,0.31,true
CUST006480,CUST006060,same_branch,0.224,true
CUST006940,CUST006350,same_branch,0.325,true
CUST009127,CUST001018,same_branch,0.164,true
CUST003192,CUST007342,same_branch,0.215,true
CUST008304,CUST000686,same_branch,0.217,true
CUST002583,CUST009185,same_branch,0.161,true
CUST001019,CUST004961,same_branch,0.228,true
CUST002226,CUST006830,same_branch,0.183,true
CUST004698,CUST003932,same_branch,0.341,true
CUST004540,CUST005648,same_branch,0.196,true
CUST009351,CUST002473,same_branch,0.189,true
CUST002325,CUST002656,same_branch,0.146,true
CUST002589,CUST007967,same_branch,0.174,false
CUST009137,CUST008107,same_branch,0.239,true
CUST006638,CUST005703,same_branch,0.171,true
CUST001157,CUST004361,same_branch,0.118,true
CUST003227,CUST003723,same_branch,0.199,true
CUST009227,CUST004374,same_branch,0.261,false
CUST007380,CUST005724,same_branch,0.282,true
CUST004948,CUST007692,same_branch,0.105,true
CUST002280,CUST008414,same_branch,0.123,true
CUST002087,CUST009816,same_branch,0.32,false
CUST000928,CUST003604,same_branch,0.276,true
CUST003472,CUST002068,same_branch,0.262,true
CUST007821,CUST009250,same_branch,0.114,true
CUST006801,CUST005361,same_branch,0.243,true
CUST009373,CUST009179,same_branch,0.324,false
CUST000985,CUST002471,same_branch,0.196,true
CUST006469,CUST002464,same_branch,0.134,false
CUST009140,CUST008277,same_branch,0.303,false
CUST006840,CUST009877,same_branch,0.238,true
CUST007018,CUST006975,same_branch,0.31,true
CUST003763,CUST004342,same_branch,0.313,true
CUST009237,CUST001381,same_branch,0.219,true
CUST004416,CUST006248,same_branch,0.258,false
CUST007995,CUST001595,same_branch,0.221,true
CUST005921,CUST008900,same_branch,0.206,true
CUST004977,CUST008720,same_branch,0.195,true
CUST008107,CUST009250,same_branch,0.1,true
CUST000150,CUST005524,same_branch,0.289,true
CUST006566,CUST000581,same_branch,0.192,true
CUST005141,CUST006333,same_branch,0.229,true
CUST000280,CUST009798,same_branch,0.254,true
CUST008803,CUST003522,same_branch,0.12,true
CUST002030,CUST003885,same_branch,0.274,false
CUST009248,CUST000803,same_branch,0.102,true
CUST009218,CUST008293,same_branch,0.107,true
CUST004551,CUST009831,same_branch,0.303,true
CUST002173,CUST009471,same_branch,0.299,true
CUST000317,CUST002922,same_branch,0.109,true
CUST001933,CUST003615,same_branch,0.163,true
CUST005555,CUST006547,same_branch,0.215,true
CUST003834,CUST000420,same_branch,0.216,true
CUST003635,CUST009640,same_branch,0.34,false
CUST007946,CUST004409,same_branch,0.285,true
CUST004877,CUST008001,same_branch,0.299,false
CUST000824,CUST008981,same_branch,0.156,false
CUST009220,CUST005295,same_branch,0.217,true
CUST007533,CUST001072,same_branch,0.225,false
CUST001222,CUST000505,same_branch,0.284,false
CUST008252,CUST005934,same_branch,0.21,false
CUST007112,CUST009060,same_branch,0.269,true
CUST000940,CUST005840,same_branch,0.209,true
CUST008292,CUST000304,same_branch,0.238,true
CUST000065,CUST002946,same_branch,0.14,false
CUST000591,CUST006175,same_branch,0.123,true
CUST001945,CUST009873,same_branch,0.247,true
CUST006844,CUST002316,same_branch,0.143,true
CUST009543,CUST000758,same_branch,0.261,true
CUST009442,CUST005150,same_branch,0.154,true
CUST003662,CUST003906,same_branch,0.141,true
CUST007707,CUST007114,same_branch,0.192,true
CUST009679,CUST002300,same_branch,0.139,true
CUST005014,CUST007670,same_branch,0.193,false
CUST005630,CUST007094,same_branch,0.107,false
CUST006603,CUST002729,same_branch,0.165,true
CUST008630,CUST009079,same_branch,0.346,true
CUST005649,CUST004891,same_branch,0.337,true
CUST008148,CUST008243,same_branch,0.176,true
CUST005700,CUST008217,same_branch,0.154,false
CUST004182,CUST000531,same_branch,0.196,true
CUST009955,CUST005300,same_branch,0.296,true
CUST003913,CUST008870,same_branch,0.148,true
CUST008144,CUST006283,same_branch,0.12,true
CUST008041,CUST001260,same_branch,0.198,true
CUST008941,CUST004740,same_branch,0.117,false
CUST002830,CUST006395,same_branch,0.305,true
CUST001583,CUST001892,same_branch,0.279,false
CUST001257,CUST001216,same_branch,0.184,true
CUST003993,CUST000974,same_branch,0.312,true
CUST009340,CUST004782,same_branch,0.117,true
CUST009515,CUST007959,same_branch,0.338,false
CUST006409,CUST007451,same_branch,0.122,true
CUST002778,CUST001429,same_branch,0.292,true
CUST007772,CUST008641,same_branch,0.159,true
CUST009309,CUST001284,same_branch,0.292,false
CUST002933,CUST006042,same_branch,0.122,true
CUST005651,CUST005946,same_branch,0.116,true
CUST007224,CUST002061,same_branch,0.161,true
CUST001806,CUST000420,same_branch,0.152,true
CUST002060,CUST008781,same_branch,0.295,true
CUST003763,CUST007019,same_branch,0.128,true
CUST004820,CUST000649,same_branch,0.201,true
CUST006366,CUST006027,same_branch,0.23,false
CUST001757,CUST002759,same_branch,0.174,true
CUST002916,CUST002314,same_branch,0.142,false
CUST007946,CUST001213,same_branch,0.118,true
CUST008211,CUST004069,same_branch,0.138,false
CUST007707,CUST009782,same_branch,0.138,true
CUST001261,CUST002347,same_branch,0.297,false
CUST009792,CUST009135,same_branch,0.215,true
CUST007399,CUST005060,same_branch,0.103,false
CUST008827,CUST000297,same_branch,0.335,true
CUST000411,CUST006058,same_branch,0.107,false
CUST002805,CUST004292,same_branch,0.218,true
CUST004557,CUST005106,same_branch,0.288,true
CUST000099,CUST003111,same_branch,0.112,true
CUST006521,CUST009132,same_branch,0.218,true
CUST006027,CUST000923,same_branch,0.211,true
CUST004009,CUST004471,same_branch,0.139,true
CUST003604,CUST006889,same_branch,0.348,false
CUST008361,CUST003098,same_branch,0.121,false
CUST000144,CUST001618,same_branch,0.134,true
CUST001222,CUST005793,same_branch,0.126,true
CUST001100,CUST001717,same_branch,0.205,true
CUST005675,CUST001945,same_branch,0.191,false
CUST002668,CUST007456,same_branch,0.28,true
CUST008976,CUST000751,same_branch,0.237,true
CUST007060,CUST001191,same_branch,0.117,false
CUST005764,CUST009158,same_branch,0.296,false
CUST006759,CUST001962,same_branch,0.202,false
CUST009926,CUST006185,same_branch,0.284,false
CUST000050,CUST002241,same_branch,0.302,true
CUST003463,CUST001460,same_branch,0.102,true
CUST000495,CUST009598,same_branch,0.185,true
CUST006017,CUST008126,same_branch,0.322,true
CUST003451,CUST003101,same_branch,0.32,true
CUST009839,CUST009137,same_branch,0.292,true
CUST008529,CUST003867,same_branch,0.202,true
CUST004044,CUST001087,same_branch,0.329,false
CUST006800,CUST007730,same_branch,0.13,true
CUST009485,CUST004406,same_branch,0.32,true
CUST004217,CUST002287,same_branch,0.102,true
CUST007380,CUST006549,same_branch,0.178,false
CUST002465,CUST008202,same_branch,0.316,true
CUST008412,CUST005376,same_branch,0.117,true
CUST000733,CUST006957,same_branch,0.115,false
CUST003989,CUST009799,same_branch,0.208,false
CUST002532,CUST002127,same_branch,0.197,true
CUST003475,CUST004748,same_branch,0.262,true
CUST002882,CUST004644,same_branch,0.279,true
CUST003256,CUST002412,same_branch,0.269,true
CUST009130,CUST009819,same_branch,0.332,true
CUST005328,CUST009231,same_branch,0.232,false
CUST000964,CUST003350,same_branch,0.231,false
CUST003982,CUST000038,same_branch,0.148,true
CUST002279,CUST005167,same_branch,0.305,true
CUST000846,CUST002977,same_branch,0.234,true
CUST003117,CUST009198,same_branch,0.343,true
CUST001246,CUST002128,same_branch,0.105,true
CUST004353,CUST000339,same_branch,0.135,false
CUST003037,CUST009638,same_branch,0.285,true
CUST003321,CUST005090,same_branch,0.345,false
CUST005267,CUST009007,same_branch,0.107,true
CUST004905,CUST006549,same_branch,0.206,true
CUST001765,CUST004570,same_branch,0.227,false
CUST005963,CUST004762,same_branch,0.152,true
CUST007820,CUST005331,same_branch,0.206,true
CUST006625,CUST004580,same_branch,0.184,false
CUST005296,CUST003615,same_branch,0.291,true
CUST003684,CUST003535,same_branch,0.244,false
CUST000082,CUST009937,same_branch,0.263,false
CUST000286,CUST008206,same_branch,0.291,true
CUST007806,CUST006294,same_branch,0.194,true
CUST004920,CUST003362,same_branch,0.272,true
CUST000897,CUST006405,same_branch,0.123,true
CUST008210,CUST000131,same_branch,0.332,false
CUST000129,CUST005574,same_branch,0.129,true
CUST005559,CUST002611,same_branch,0.14,true
CUST003457,CUST008386,same_branch,0.114,true
CUST009158,CUST002173,same_branch,0.161,true
CUST007160,CUST004860,same_branch,0.3,true
CUST006786,CUST009319,same_branch,0.127,true
CUST007141,CUST003760,same_branch,0.207,true
CUST009787,CUST000728,same_branch,0.306,true
CUST001306,CUST001248,same_branch,0.345,true
CUST006308,CUST000415,same_branch,0.296,true
CUST002769,CUST004193,same_branch,0.11,false
CUST007187,CUST000724,same_branch,0.322,false
CUST005588,CUST008077,same_branch,0.181,true
CUST001972,CUST000836,same_branch,0.139,true
CUST004067,CUST004107,same_branch,0.213,true
CUST007687,CUST005833,same_branch,0.141,true
CUST000352,CUST001582,same_branch,0.199,true
CUST006175,CUST003672,same_branch,0.102,true
CUST005250,CUST006597,same_branch,0.205,false
CUST004222,CUST008318,same_branch,0.322,false
CUST006058,CUST000474,same_branch,0.15,true
CUST000006,CUST003139,same_branch,0.259,true
CUST000951,CUST001179,same_branch,0.247,true
CUST006222,CUST009883,same_branch,0.206,false
CUST002639,CUST004323,same_branch,0.131,true
CUST004660,CUST001841,same_branch,0.273,true
CUST001218,CUST001175,same_branch,0.325,true
CUST009882,CUST006893,same_branch,0.299,true
CUST003277,CUST003421,same_branch,0.328,false
CUST009331,CUST009956,same_branch,0.115,true
CUST001704,CUST003068,same_branch,0.227,false
CUST004092,CUST006407,same_branch,0.31,true
CUST004143,CUST003220,same_branch,0.103,true
CUST003665,CUST006217,same_branch,0.305,false
CUST006449,CUST009596,same_branch,0.149,true
CUST001533,CUST008032,same_branch,0.175,true
CUST001771,CUST006052,same_branch,0.109,true
CUST006566,CUST009090,same_branch,0.124,true
CUST008450,CUST006758,same_branch,0.344,false
CUST007662,CUST006181,same_branch,0.206,true
CUST009728,CUST008900,same_branch,0.136,true
CUST007501,CUST009551,same_branch,0.24,true
CUST006615,CUST002658,same_branch,0.178,true
CUST007228,CUST007993,same_branch,0.109,true
CUST008880,CUST000770,same_branch,0.347,false
CUST004993,CUST009026,same_branch,0.115,true
CUST003947,CUST008867,same_branch,0.329,false
CUST002006,CUST007366,same_branch,0.13,true
CUST004975,CUST003748,same_branch,0.133,false
CUST004901,CUST007948,same_branch,0.154,false
CUST006120,CUST008002,same_branch,0.266,true
CUST009464,CUST000648,same_branch,0.311,true
CUST002278,CUST005224,same_branch,0.154,true
CUST009531,CUST004497,same_branch,0.105,true
CUST007126,CUST007757,same_branch,0.145,false
CUST005411,CUST003672,same_branch,0.205,true
CUST007418,CUST000557,same_branch,0.253,true
CUST002607,CUST009483,same_branch,0.179,true
CUST008515,CUST007722,same_branch,0.185,false
CUST001879,CUST006143,same_branch,0.311,true
CUST008292,CUST002108,same_branch,0.261,true
CUST007316,CUST001937,same_branch,0.14,true
CUST008329,CUST005952,same_branch,0.142,false
CUST008672,CUST002328,same_branch,0.214,false
CUST001470,CUST000039,same_branch,0.32,false
CUST008168,CUST004208,same_branch,0.249,true
CUST003529,CUST002713,same_branch,0.243,true
CUST009816,CUST001740,same_branch,0.242,true
CUST008429,CUST000614,same_branch,0.113,false
CUST007763,CUST003254,same_branch,0.17,true
CUST007488,CUST005643,same_branch,0.35,true
CUST002400,CUST009329,same_branch,0.208,false
CUST002009,CUST005279,same_branch,0.317,true
CUST002860,CUST008160,same_branch,0.215,true
CUST004580,CUST001469,same_branch,0.317,false
CUST000343,CUST004594,same_branch,0.299,true
CUST004389,CUST002651,same_branch,0.288,true
CUST005189,CUST006766,same_branch,0.343,true
CUST008222,CUST003617,same_branch,0.131,true
CUST000590,CUST001156,same_branch,0.177,true
CUST001872,CUST009540,same_branch,0.213,true
CUST007061,CUST002162,same_branch,0.254,true
CUST002089,CUST001512,same_branch,0.115,false
CUST000560,CUST009554,same_branch,0.149,true
CUST005001,CUST002949,same_branch,0.306,false
CUST000414,CUST008014,same_branch,0.254,true
CUST001061,CUST006391,same_branch,0.325,false
CUST005868,CUST003748,same_branch,0.233,false
CUST009940,CUST007531,same_branch,0.28,false
CUST008822,CUST000986,same_branch,0.145,true
CUST006159,CUST009447,same_branch,0.316,false
CUST001649,CUST004339,same_branch,0.303,true
CUST001691,CUST001009,same_branch,0.249,false
CUST000078,CUST009705,same_branch,0.153,true
CUST005016,CUST006186,same_branch,0.199,false
CUST000152,CUST006061,same_branch,0.15,true
CUST006702,CUST006973,same_branch,0.142,true
CUST001387,CUST001748,same_branch,0.276,true
CUST006037,CUST005242,same_branch,0.184,true
CUST007861,CUST006240,same_branch,0.146,true
CUST003968,CUST008190,same_branch,0.304,true
CUST009603,CUST003334,same_branch,0.114,true
CUST001723,CUST008144,same_branch,0.259,true
CUST001643,CUST002606,same_branch,0.294,true
CUST009190,CUST002794,same_branch,0.295,true
CUST002573,CUST004813,same_branch,0.268,true
CUST003561,CUST005146,same_branch,0.228,false
CUST008771,CUST006485,same_branch,0.3,true
CUST006309,CUST001979,same_branch,0.343,false
CUST007820,CUST003557,same_branch,0.19,true
CUST006738,CUST001555,same_branch,0.279,true
CUST005704,CUST002134,same_branch,0.318,true
CUST001940,CUST007520,same_branch,0.118,true
CUST009851,CUST001801,same_branch,0.183,true
CUST001927,CUST001213,same_branch,0.219,true
CUST007090,CUST007899,same_branch,0.12,true
CUST002555,CUST004576,same_branch,0.234,true
CUST005340,CUST006547,same_branch,0.197,true
CUST000074,CUST003606,same_branch,0.276,true
CUST009737,CUST002672,same_branch,0.108,true
CUST006677,CUST005301,same_branch,0.193,false
CUST005488,CUST002549,same_branch,0.347,true
CUST006465,CUST000518,same_branch,0.286,true
CUST005045,CUST008602,same_branch,0.348,true
CUST004016,CUST008770,same_branch,0.24,true
CUST002145,CUST008629,same_branch,0.245,false
CUST007025,CUST000827,same_branch,0.189,true
CUST002717,CUST000317,same_branch,0.316,true
CUST005700,CUST000794,same_branch,0.118,false
CUST005437,CUST004862,same_branch,0.281,true
CUST008445,CUST006283,same_branch,0.193,true
CUST008755,CUST000758,same_branch,0.268,true
CUST000030,CUST005487,same_branch,0.12,true
CUST001907,CUST009220,same_branch,0.252,true
CUST000564,CUST000280,same_branch,0.185,true
CUST009900,CUST009608,same_branch,0.136,true
CUST009377,CUST001778,same_branch,0.153,true
CUST003636,CUST003135,same_branch,0.323,true
CUST002064,CUST003819,same_branch,0.278,true
CUST002693,CUST004392,same_branch,0.173,false
CUST008797,CUST008722,same_branch,0.145,false
CUST009877,CUST008415,same_branch,0.326,true
CUST006237,CUST007325,same_branch,0.273,true
CUST007181,CUST007652,same_branch,0.336,false
CUST004237,CUST007602,same_branch,0.302,true
CUST000630,CUST002274,same_branch,0.318,true
CUST009828,CUST002637,same_branch,0.154,true
CUST002437,CUST009309,same_branch,0.28,true
CUST006557,CUST007672,same_branch,0.206,true
CUST000005,CUST001607,same_branch,0.103,true
CUST007763,CUST009773,same_branch,0.325,false
CUST004734,CUST004842,same_branch,0.115,true
CUST005551,CUST003641,same_branch,0.284,true
CUST003992,CUST000432,same_branch,0.184,true
CUST003290,CUST002302,same_branch,0.272,true
CUST006766,CUST001935,same_branch,0.178,true
CUST002445,CUST007070,same_branch,0.145,true
CUST001376,CUST003081,same_branch,0.227,true
CUST001496,CUST002408,same_branch,0.133,false
CUST003654,CUST009412,same_branch,0.323,false
CUST006648,CUST007760,same_branch,0.257,false
CUST006148,CUST004782,same_branch,0.25,true
CUST009809,CUST005679,same_branch,0.246,true
CUST009276,CUST006026,same_branch,0.228,true
CUST005940,CUST004953,same_branch,0.228,true
CUST005885,CUST002925,same_branch,0.147,false
CUST008565,CUST004684,same_branch,0.11,true
CUST005873,CUST006861,same_branch,0.319,true
CUST007207,CUST002863,same_branch,0.124,true
CUST008569,CUST009178,same_branch,0.216,true
CUST008579,CUST001096,same_branch,0.295,false
CUST001020,CUST005369,same_branch,0.261,true
CUST009916,CUST005061,same_branch,0.278,true
CUST005520,CUST001996,same_branch,0.251,true
CUST005273,CUST006246,same_branch,0.14,false
CUST002463,CUST003047,same_branch,0.119,true
CUST008442,CUST001167,same_branch,0.326,true
CUST008107,CUST000255,same_branch,0.102,false
CUST008538,CUST007115,same_branch,0.131,true
CUST007226,CUST005651,same_branch,0.128,true
CUST002083,CUST003141,same_branch,0.197,false
CUST001905,CUST002717,same_branch,0.178,true
CUST004090,CUST001161,same_branch,0.275,true
CUST003192,CUST001678,same_branch,0.321,true
CUST009972,CUST003497,same_branch,0.318,true
CUST008550,CUST000518,same_branch,0.279,true
CUST000783,CUST006501,same_branch,0.347,true
CUST007969,CUST002425,same_branch,0.167,true
CUST009579,CUST003001,same_branch,0.277,true
CUST008320,CUST006902,same_branch,0.308,false
CUST001778,CUST005401,same_branch,0.234,true
CUST006280,CUST008907,same_branch,0.206,true
CUST006721,CUST003328,same_branch,0.133,false
CUST005034,CUST001869,same_branch,0.331,true
CUST007633,CUST002872,same_branch,0.344,false
CUST006451,CUST009637,same_branch,0.14,true
CUST003598,CUST000672,same_branch,0.348,false
CUST007157,CUST005615,same_branch,0.279,true
CUST009181,CUST005438,same_branch,0.232,true
CUST004542,CUST009250,same_branch,0.251,true
CUST009309,CUST007929,same_branch,0.308,true
CUST003954,CUST005356,same_branch,0.153,true
CUST008819,CUST005042,same_branch,0.149,true
CUST002047,CUST006804,same_branch,0.244,false
CUST004465,CUST001017,same_branch,0.172,true
CUST002445,CUST006175,same_branch,0.282,true
CUST009793,CUST003292,same_branch,0.313,true
CUST005374,CUST005904,same_branch,0.24,true
CUST007946,CUST009080,same_branch,0.3,false
CUST004072,CUST008716,same_branch,0.254,false
CUST008349,CUST008893,same_branch,0.194,false
CUST006681,CUST008680,same_branch,0.139,true
CUST006465,CUST001935,same_branch,0.258,true
CUST004821,CUST001387,same_branch,0.243,true
CUST007949,CUST002534,same_branch,0.296,true
CUST001477,CUST005274,same_branch,0.227,true
CUST000692,CUST006996,same_branch,0.263,true
CUST001350,CUST003734,same_branch,0.313,true
CUST003632,CUST005327,same_branch,0.223,true
CUST009627,CUST009573,same_branch,0.116,true
CUST005736,CUST005847,same_branch,0.263,true
CUST006400,CUST009178,same_branch,0.13,true
CUST005479,CUST003558,same_branch,0.218,true
CUST000776,CUST005164,same_branch,0.231,false
CUST000590,CUST002693,same_branch,0.277,true
CUST001072,CUST000113,same_branch,0.328,true
CUST002090,CUST002199,same_branch,0.251,true
CUST002209,CUST006401,same_branch,0.223,true
CUST000316,CUST000405,same_branch,0.193,true
CUST001729,CUST009827,same_branch,0.307,true
CUST008539,CUST002518,same_branch,0.276,false
CUST009060,CUST001292,same_branch,0.321,true
CUST004351,CUST004081,same_branch,0.127,true
CUST008373,CUST005093,same_branch,0.281,true
CUST004814,CUST007899,same_branch,0.307,true
CUST000385,CUST002907,same_branch,0.122,true
CUST008774,CUST003563,same_branch,0.232,true
CUST006360,CUST004630,same_branch,0.149,false
CUST008270,CUST001909,same_branch,0.329,true
CUST007223,CUST000643,same_branch,0.14,true
CUST009060,CUST005411,same_branch,0.268,true
CUST003813,CUST004200,same_branch,0.33,true
CUST008127,CUST000998,same_branch,0.151,true
CUST009132,CUST007534,same_branch,0.328,true
CUST000315,CUST007277,same_branch,0.296,true
CUST006958,CUST001067,same_branch,0.272,false
CUST008243,CUST000757,same_branch,0.311,false
CUST000255,CUST009137,same_branch,0.267,true
CUST005688,CUST003867,same_branch,0.252,true
CUST008576,CUST001979,same_branch,0.163,false
CUST006957,CUST002257,same_branch,0.133,true
CUST009007,CUST004311,same_branch,0.113,true
CUST005879,CUST005679,same_branch,0.211,false
CUST002856,CUST003846,same_branch,0.279,true
CUST006449,CUST007389,same_branch,0.327,true
CUST005314,CUST003921,same_branch,0.323,true
CUST006405,CUST009342,same_branch,0.338,true
CUST003890,CUST006264,same_branch,0.259,true
CUST000549,CUST007255,same_branch,0.234,true
CUST004596,CUST008787,same_branch,0.311,true
CUST009220,CUST002829,same_branch,0.275,true
CUST002340,CUST004937,same_branch,0.126,true
CUST003652,CUST002437,same_branch,0.329,true
CUST004740,CUST006011,same_branch,0.121,true
CUST003224,CUST006328,same_branch,0.231,false
CUST003118,CUST007099,same_branch,0.33,false
CUST000338,CUST006247,same_branch,0.212,false
CUST006738,CUST002317,same_branch,0.342,true
CUST004004,CUST008746,same_branch,0.236,false
CUST001698,CUST005226,same_branch,0.287,false
CUST003304,CUST009680,same_branch,0.28,true
CUST005247,CUST003214,same_branch,0.201,true
CUST003885,CUST008090,same_branch,0.259,true
CUST007398,CUST006232,same_branch,0.257,true
CUST009489,CUST001304,same_branch,0.343,true
CUST000676,CUST005356,same_branch,0.208,true
CUST002473,CUST009483,same_branch,0.331,true
CUST004993,CUST009471,same_branch,0.115,true
CUST005265,CUST006078,same_branch,0.172,true
CUST005307,CUST008454,same_branch,0.107,true
CUST005224,CUST004913,same_branch,0.129,true
CUST004196,CUST000501,same_branch,0.113,true
CUST004014,CUST002126,same_branch,0.297,false
CUST008249,CUST001580,same_branch,0.143,true
CUST000979,CUST007861,same_branch,0.335,true
CUST007870,CUST004107,same_branch,0.33,false
CUST007303,CUST009374,same_branch,0.294,false
CUST006782,CUST002318,same_branch,0.347,true
CUST007951,CUST004265,same_branch,0.203,false
CUST006245,CUST001882,same_branch,0.127,true
CUST002717,CUST008273,same_branch,0.298,true
CUST005755,CUST007322,same_branch,0.105,true
CUST005001,CUST008583,same_branch,0.348,false
CUST000206,CUST003257,same_branch,0.122,false
CUST008900,CUST005615,same_branch,0.305,true
CUST004276,CUST004160,same_branch,0.11,false
CUST000052,CUST008328,same_branch,0.262,true
CUST006270,CUST004760,same_branch,0.288,true
CUST007792,CUST001225,same_branch,0.196,true
CUST003238,CUST005641,same_branch,0.152,true
CUST006131,CUST005387,same_branch,0.346,true
CUST004630,CUST002811,same_branch,0.286,true
CUST005188,CUST003428,same_branch,0.282,false
CUST007568,CUST009129,same_branch,0.142,false
CUST008499,CUST005721,same_branch,0.186,true
CUST004448,CUST000432,same_branch,0.324,true
CUST002742,CUST009926,same_branch,0.219,false
CUST005776,CUST003328,same_branch,0.263,false
CUST006806,CUST005939,same_branch,0.219,true
CUST002125,CUST006994,same_branch,0.286,true
CUST008102,CUST001462,same_branch,0.182,true
CUST007981,CUST009811,same_branch,0.275,true
CUST006857,CUST003817,same_branch,0.314,false
CUST000372,CUST001689,same_branch,0.125,true
CUST006817,CUST000214,same_branch,0.319,true
CUST005586,CUST009613,same_branch,0.207,true
CUST004069,CUST000910,same_branch,0.211,true
CUST005699,CUST004702,same_branch,0.248,true
CUST004391,CUST005196,same_branch,0.324,true
CUST003348,CUST002641,same_branch,0.252,true
CUST006654,CUST008314,same_branch,0.298,true
CUST002089,CUST006480,same_branch,0.326,false
CUST008136,CUST008179,same_branch,0.156,true
CUST004980,CUST009309,same_branch,0.258,true
CUST009198,CUST001265,same_branch,0.198,true
CUST009017,CUST002172,same_branch,0.296,true
CUST006787,CUST005956,same_branch,0.335,true
CUST006385,CUST005761,same_branch,0.29,true
CUST008203,CUST000016,same_branch,0.214,false
CUST000255,CUST008736,same_branch,0.255,true
CUST005438,CUST000077,same_branch,0.265,true
CUST009036,CUST007155,same_branch,0.201,true
CUST003401,CUST004143,same_branch,0.283,true
CUST007318,CUST007158,same_branch,0.216,true
CUST001545,CUST001131,same_branch,0.166,true
CUST002686,CUST009038,same_branch,0.1,false
CUST005851,CUST005164,same_branch,0.33,true
CUST007839,CUST001909,same_branch,0.25,true
CUST002819,CUST007874,same_branch,0.146,true
CUST009710,CUST006533,same_branch,0.347,true
CUST005947,CUST007468,same_branch,0.343,true
